ts,total,critical,important,normal
2026-03-14T16:07:38.373298900+00:00,2,0,1,1
2026-03-14T16:07:38.428163300+00:00,64,1,63,0
2026-03-14T16:07:38.474201+00:00,64,0,18,46
2026-03-14T16:07:38.516907400+00:00,23,0,1,22
2026-03-14T16:07:38.559227800+00:00,1,0,1,0
2026-03-14T16:07:38.623264700+00:00,2,0,1,1
2026-03-14T16:07:38.717632200+00:00,2,0,1,1
2026-03-14T16:07:38.761609+00:00,2,0,1,1
2026-03-14T16:07:38.822969400+00:00,1,0,1,0
2026-03-14T16:07:38.867540600+00:00,2,0,1,1
2026-03-14T16:07:38.914712300+00:00,1,0,0,1
2026-03-14T16:07:38.962981900+00:00,2,0,1,1
2026-03-14T16:07:39.010160500+00:00,1,0,1,0
2026-03-14T16:07:39.073141900+00:00,2,0,1,1
2026-03-14T16:07:39.121132200+00:00,2,0,1,1
2026-03-14T16:07:39.166152900+00:00,1,0,0,1
2026-03-14T16:08:23.428324300+00:00,64,0,64,0
2026-03-14T16:08:23.469428500+00:00,64,0,64,0
2026-03-14T16:08:23.519077500+00:00,64,0,64,0
2026-03-14T16:08:23.581540100+00:00,64,0,64,0
2026-03-14T16:08:23.628032700+00:00,64,0,9,55
2026-03-14T16:08:23.678794500+00:00,64,0,0,64
2026-03-14T16:08:23.723315+00:00,64,0,1,63
2026-03-14T16:08:23.786668200+00:00,64,0,1,63
2026-03-14T16:08:23.836564400+00:00,64,0,1,63
2026-03-14T16:08:23.869163+00:00,12,0,1,11
2026-03-14T16:08:23.914746700+00:00,1,0,0,1
2026-03-14T16:08:23.960890+00:00,1,0,1,0
2026-03-14T16:08:24.023792600+00:00,3,0,1,2
2026-03-14T16:08:24.070356700+00:00,1,0,1,0
2026-03-14T16:08:24.116033100+00:00,2,0,1,1
2026-03-14T16:08:24.210852300+00:00,3,0,1,2
2026-03-14T16:08:58.473008400+00:00,64,0,64,0
2026-03-14T16:08:58.521021600+00:00,64,0,64,0
2026-03-14T16:08:58.567685200+00:00,64,0,64,0
2026-03-14T16:08:58.629749100+00:00,64,0,39,25
2026-03-14T16:08:58.680267300+00:00,64,0,1,63
2026-03-14T16:08:58.727248200+00:00,64,0,1,63
2026-03-14T16:08:58.775300800+00:00,64,0,1,63
2026-03-14T16:08:58.844221+00:00,64,0,1,63
2026-03-14T16:08:58.877752400+00:00,64,0,0,64
2026-03-14T16:08:58.917666100+00:00,12,0,1,11
2026-03-14T16:08:58.962898400+00:00,1,0,1,0
2026-03-14T16:08:59.009740700+00:00,2,0,1,1
2026-03-14T16:08:59.070913200+00:00,2,0,1,1
2026-03-14T16:08:59.118642100+00:00,1,0,0,1
2026-03-14T16:08:59.166940+00:00,1,0,1,0
2026-03-14T16:08:59.216488200+00:00,2,0,1,1
2026-03-14T16:08:59.261610400+00:00,1,0,1,0
2026-03-14T16:09:53.590544100+00:00,64,0,64,0
2026-03-14T16:09:53.630125500+00:00,64,0,64,0
2026-03-14T16:09:53.677757900+00:00,64,0,64,0
2026-03-14T16:09:53.730103100+00:00,64,0,64,0
2026-03-14T16:09:53.791040900+00:00,64,0,45,19
2026-03-14T16:09:53.832461+00:00,64,0,1,63
2026-03-14T16:09:53.876798900+00:00,64,0,1,63
2026-03-14T16:09:53.935380600+00:00,64,0,1,63
2026-03-14T16:09:53.992100400+00:00,64,0,1,63
2026-03-14T16:09:54.021176100+00:00,12,0,0,12
2026-03-14T16:09:54.071947300+00:00,1,0,1,0
2026-03-14T16:09:54.116945100+00:00,3,0,1,2
2026-03-14T16:09:54.159907300+00:00,1,0,1,0
2026-03-14T16:09:54.224934200+00:00,2,0,1,1
2026-03-14T16:09:54.320740900+00:00,3,0,1,2
2026-03-14T16:09:54.365949300+00:00,1,0,1,0
2026-03-14T16:09:58.566618100+00:00,2,0,1,1
2026-03-14T16:09:58.629613100+00:00,64,0,64,0
2026-03-14T16:09:58.687359100+00:00,63,0,35,28
2026-03-14T16:09:58.720547900+00:00,2,0,2,0
2026-03-14T16:09:58.767363100+00:00,1,0,0,1
2026-03-14T16:09:58.819402500+00:00,2,0,2,0
2026-03-14T16:09:58.860944500+00:00,1,0,1,0
2026-03-14T16:09:58.910423100+00:00,2,0,2,0
2026-03-14T16:09:58.973503+00:00,2,0,1,1
2026-03-14T16:09:59.022726100+00:00,1,0,1,0
2026-03-14T16:09:59.069717300+00:00,1,0,1,0
2026-03-14T16:09:59.117180500+00:00,1,0,1,0
2026-03-14T16:09:59.164782900+00:00,2,0,2,0
2026-03-14T16:09:59.220923200+00:00,2,0,1,1
2026-03-14T16:09:59.271791600+00:00,1,0,1,0
2026-03-14T16:09:59.317460200+00:00,1,0,1,0
2026-03-14T16:09:59.363373800+00:00,2,0,2,0
2026-03-14T16:10:03.572253900+00:00,2,0,1,1
2026-03-14T16:10:03.629966900+00:00,64,0,64,0
2026-03-14T16:10:03.678618600+00:00,64,0,43,21
2026-03-14T16:10:03.708735+00:00,2,0,2,0
2026-03-14T16:10:03.774685900+00:00,1,0,1,0
2026-03-14T16:10:03.819371800+00:00,1,0,1,0
2026-03-14T16:10:03.866947400+00:00,2,0,1,1
2026-03-14T16:10:03.909335200+00:00,1,0,1,0
2026-03-14T16:10:03.972499100+00:00,2,0,2,0
2026-03-14T16:10:04.018814800+00:00,1,0,1,0
2026-03-14T16:10:04.069762600+00:00,2,0,1,1
2026-03-14T16:10:04.114043600+00:00,1,0,1,0
2026-03-14T16:10:04.175224100+00:00,2,0,2,0
2026-03-14T16:10:04.220055300+00:00,1,0,1,0
2026-03-14T16:10:04.266341500+00:00,3,0,2,1
2026-03-14T16:10:48.638687100+00:00,64,46,18,0
2026-03-14T16:10:48.682392700+00:00,64,45,19,0
2026-03-14T16:10:48.723182200+00:00,64,0,64,0
2026-03-14T16:10:48.769495800+00:00,64,1,63,0
2026-03-14T16:10:48.847648900+00:00,64,0,64,0
2026-03-14T16:10:48.884716300+00:00,64,1,63,0
2026-03-14T16:10:48.928221100+00:00,64,0,64,0
2026-03-14T16:10:48.979216900+00:00,64,1,63,0
2026-03-14T16:10:49.024186700+00:00,64,0,64,0
2026-03-14T16:10:49.074128600+00:00,13,1,9,3
2026-03-14T16:10:49.167688900+00:00,1,0,1,0
2026-03-14T16:10:49.217014500+00:00,2,1,1,0
2026-03-14T16:10:49.261944200+00:00,1,0,1,0
2026-03-14T16:10:49.329090300+00:00,3,1,1,1
2026-03-14T16:10:49.418516900+00:00,2,1,1,0
2026-03-14T16:11:13.697510200+00:00,64,46,18,0
2026-03-14T16:11:13.729030400+00:00,64,46,18,0
2026-03-14T16:11:13.776783900+00:00,64,0,64,0
2026-03-14T16:11:13.830729900+00:00,64,1,63,0
2026-03-14T16:11:13.885657700+00:00,64,0,64,0
2026-03-14T16:11:13.933456300+00:00,64,1,63,0
2026-03-14T16:11:13.983246400+00:00,64,0,42,22
2026-03-14T16:11:14.022811800+00:00,64,0,1,63
2026-03-14T16:11:14.070384600+00:00,39,1,1,37
2026-03-14T16:11:14.174255100+00:00,2,1,1,0
2026-03-14T16:11:14.221481+00:00,1,0,1,0
2026-03-14T16:11:14.265983800+00:00,3,1,1,1
2026-03-14T16:11:14.310979200+00:00,1,0,1,0
2026-03-14T16:11:14.372871300+00:00,2,1,1,0
2026-03-14T16:15:30.487391400+00:00,64,0,64,0
2026-03-14T16:15:30.532938600+00:00,64,0,64,0
2026-03-14T16:15:30.595495500+00:00,64,0,64,0
2026-03-14T16:15:30.641532500+00:00,64,0,64,0
2026-03-14T16:15:30.687671500+00:00,64,0,24,40
2026-03-14T16:15:30.734833200+00:00,64,0,1,63
2026-03-14T16:15:30.781709+00:00,64,0,1,63
2026-03-14T16:15:30.848258600+00:00,64,0,1,63
2026-03-14T16:15:30.892410600+00:00,64,0,1,63
2026-03-14T16:15:30.938050500+00:00,12,0,0,12
2026-03-14T16:15:30.983228+00:00,2,0,1,1
2026-03-14T16:15:31.030190600+00:00,2,0,1,1
2026-03-14T16:15:31.091758800+00:00,1,0,1,0
2026-03-14T16:15:31.138763800+00:00,2,0,1,1
2026-03-14T16:15:31.185758400+00:00,1,0,0,1
2026-03-14T16:15:31.231361300+00:00,2,0,1,1
2026-03-14T16:15:35.486212300+00:00,1,0,1,0
2026-03-14T16:15:35.533407500+00:00,64,0,64,0
2026-03-14T16:15:35.595289700+00:00,64,0,5,59
2026-03-14T16:15:35.640274900+00:00,4,0,1,3
2026-03-14T16:15:35.686989600+00:00,1,0,1,0
2026-03-14T16:15:35.735243700+00:00,1,0,0,1
2026-03-14T16:15:35.780576100+00:00,1,0,1,0
2026-03-14T16:15:35.843666800+00:00,3,0,1,2
2026-03-14T16:15:35.888821300+00:00,1,0,1,0
2026-03-14T16:15:35.935491300+00:00,2,0,1,1
2026-03-14T16:15:36.031190400+00:00,2,0,1,1
2026-03-14T16:15:36.092788600+00:00,2,0,1,1
2026-03-14T16:15:36.138625300+00:00,2,0,1,1
2026-03-14T16:15:36.184986800+00:00,1,0,1,0
2026-03-14T16:15:36.279845100+00:00,3,0,1,2
2026-03-14T16:15:40.484008600+00:00,1,0,1,0
2026-03-14T16:15:40.530757500+00:00,64,0,64,0
2026-03-14T16:15:40.596464200+00:00,64,0,4,60
2026-03-14T16:15:40.637921200+00:00,2,0,1,1
2026-03-14T16:15:40.686743900+00:00,1,0,1,0
2026-03-14T16:15:40.733874900+00:00,3,0,1,2
2026-03-14T16:15:40.842894400+00:00,2,0,1,1
2026-03-14T16:15:40.889772400+00:00,1,0,1,0
2026-03-14T16:15:40.936859400+00:00,2,0,1,1
2026-03-14T16:15:40.984254+00:00,2,0,1,1
2026-03-14T16:15:41.094903600+00:00,2,0,1,1
2026-03-14T16:15:41.139439900+00:00,2,0,1,1
2026-03-14T16:15:41.184986700+00:00,2,0,1,1
2026-03-14T16:15:41.233332700+00:00,1,0,1,0
2026-03-14T16:15:41.280836600+00:00,1,0,0,1
2026-03-14T16:17:05.633101600+00:00,64,0,64,0
2026-03-14T16:17:05.697618800+00:00,64,0,64,0
2026-03-14T16:17:05.737650800+00:00,64,0,64,0
2026-03-14T16:17:05.783572200+00:00,64,0,64,0
2026-03-14T16:17:05.847971400+00:00,64,0,64,0
2026-03-14T16:17:05.896715300+00:00,64,0,64,0
2026-03-14T16:17:05.940101600+00:00,64,0,17,47
2026-03-14T16:17:05.987590100+00:00,64,0,1,63
2026-03-14T16:17:06.036447100+00:00,64,0,1,63
2026-03-14T16:17:06.097003500+00:00,12,0,1,11
2026-03-14T16:17:06.140860600+00:00,1,0,0,1
2026-03-14T16:17:06.187720400+00:00,1,0,1,0
2026-03-14T16:17:06.234703800+00:00,3,0,1,2
2026-03-14T16:17:06.281804800+00:00,1,0,1,0
2026-03-14T16:17:06.342989100+00:00,2,0,1,1
2026-03-14T16:17:35.691417600+00:00,64,16,48,0
2026-03-14T16:17:35.735858100+00:00,64,45,19,0
2026-03-14T16:17:35.781429900+00:00,64,1,63,0
2026-03-14T16:17:35.843800+00:00,64,0,64,0
2026-03-14T16:17:35.892427400+00:00,64,1,63,0
2026-03-14T16:17:35.941744200+00:00,64,0,64,0
2026-03-14T16:17:35.986066900+00:00,64,0,64,0
2026-03-14T16:17:36.033595100+00:00,64,1,34,29
2026-03-14T16:17:36.095838300+00:00,64,0,1,63
2026-03-14T16:17:36.140473900+00:00,12,1,1,10
2026-03-14T16:17:36.185282900+00:00,1,0,1,0
2026-03-14T16:17:36.233684+00:00,3,1,1,1
2026-03-14T16:17:36.343245600+00:00,2,1,1,0
2026-03-14T16:17:36.389532600+00:00,1,0,1,0
2026-03-14T16:17:36.436475900+00:00,3,1,1,1
2026-03-14T16:17:36.483515400+00:00,1,0,1,0
2026-03-14T16:18:35.790880900+00:00,64,46,18,0
2026-03-14T16:18:35.833544100+00:00,64,45,19,0
2026-03-14T16:18:35.883548500+00:00,64,1,63,0
2026-03-14T16:18:35.945963900+00:00,64,0,64,0
2026-03-14T16:18:35.991969900+00:00,64,1,63,0
2026-03-14T16:18:36.037702800+00:00,64,0,64,0
2026-03-14T16:18:36.082422300+00:00,64,1,63,0
2026-03-14T16:18:36.145468100+00:00,64,0,64,0
2026-03-14T16:18:36.192977300+00:00,64,1,63,0
2026-03-14T16:18:36.238381200+00:00,13,0,11,2
2026-03-14T16:18:36.283217500+00:00,1,0,0,1
2026-03-14T16:18:36.329082900+00:00,2,1,1,0
2026-03-14T16:18:36.392750800+00:00,1,0,1,0
2026-03-14T16:18:36.439058400+00:00,3,1,1,1
2026-03-14T16:18:36.485594600+00:00,1,0,1,0
2026-03-14T16:18:36.530388100+00:00,1,1,0,0
2026-03-14T16:18:40.791668700+00:00,1,0,1,0
2026-03-14T16:18:40.839097300+00:00,64,39,25,0
2026-03-14T16:18:40.886572900+00:00,64,1,44,19
2026-03-14T16:18:40.932476900+00:00,4,0,1,3
2026-03-14T16:18:40.979535800+00:00,2,1,1,0
2026-03-14T16:18:41.040667+00:00,1,0,1,0
2026-03-14T16:18:41.087050300+00:00,2,1,1,0
2026-03-14T16:18:41.134886100+00:00,1,0,0,1
2026-03-14T16:18:41.180364100+00:00,1,0,1,0
2026-03-14T16:18:41.243955900+00:00,2,1,1,0
2026-03-14T16:18:41.289691100+00:00,1,0,1,0
2026-03-14T16:18:41.337857700+00:00,3,1,1,1
2026-03-14T16:18:41.430222300+00:00,2,1,1,0
2026-03-14T16:18:41.491901+00:00,1,0,1,0
2026-03-14T16:18:41.539446+00:00,3,1,1,1
2026-03-14T16:18:41.586138800+00:00,1,0,1,0
2026-03-14T16:19:30.849028300+00:00,64,46,18,0
2026-03-14T16:19:30.892761900+00:00,64,45,19,0
2026-03-14T16:19:30.937032200+00:00,64,1,63,0
2026-03-14T16:19:30.986435500+00:00,64,0,64,0
2026-03-14T16:19:31.034801600+00:00,64,1,63,0
2026-03-14T16:19:31.096329100+00:00,64,0,64,0
2026-03-14T16:19:31.142446700+00:00,64,1,63,0
2026-03-14T16:19:31.188598+00:00,64,0,64,0
2026-03-14T16:19:31.236825400+00:00,64,1,63,0
2026-03-14T16:19:31.279903400+00:00,12,0,10,2
2026-03-14T16:19:31.342262600+00:00,3,1,1,1
2026-03-14T16:19:31.436699900+00:00,1,0,1,0
2026-03-14T16:19:31.483432900+00:00,2,1,1,0
2026-03-14T16:19:31.530649400+00:00,2,0,1,1
2026-03-14T16:19:31.593387600+00:00,2,1,1,0
2026-03-14T16:20:35.943267300+00:00,64,46,18,0
2026-03-14T16:20:35.991850500+00:00,64,46,18,0
2026-03-14T16:20:36.033180200+00:00,64,0,64,0
2026-03-14T16:20:36.083260900+00:00,64,1,63,0
2026-03-14T16:20:36.144386100+00:00,64,0,64,0
2026-03-14T16:20:36.191939400+00:00,64,1,63,0
2026-03-14T16:20:36.238234200+00:00,64,0,64,0
2026-03-14T16:20:36.284375800+00:00,64,1,63,0
2026-03-14T16:20:36.332901500+00:00,64,0,64,0
2026-03-14T16:20:36.394448600+00:00,13,1,10,2
2026-03-14T16:20:36.489651800+00:00,1,0,1,0
2026-03-14T16:20:36.536085300+00:00,2,1,1,0
2026-03-14T16:20:36.580501500+00:00,2,0,1,1
2026-03-14T16:20:36.644264300+00:00,2,1,1,0
2026-03-14T16:20:36.739670900+00:00,2,1,1,0
2026-03-14T16:21:10.992736600+00:00,64,46,18,0
2026-03-14T16:21:11.038448900+00:00,64,45,19,0
2026-03-14T16:21:11.085360+00:00,64,1,63,0
2026-03-14T16:21:11.133122200+00:00,64,0,64,0
2026-03-14T16:21:11.192455500+00:00,64,1,63,0
2026-03-14T16:21:11.239084500+00:00,64,0,64,0
2026-03-14T16:21:11.286191+00:00,64,1,63,0
2026-03-14T16:21:11.336720600+00:00,64,0,64,0
2026-03-14T16:21:11.384697100+00:00,64,0,43,21
2026-03-14T16:21:11.441847+00:00,12,1,1,10
2026-03-14T16:21:11.487238100+00:00,1,0,1,0
2026-03-14T16:21:11.533799300+00:00,3,1,1,1
2026-03-14T16:21:11.641384+00:00,2,1,1,0
2026-03-14T16:21:11.686317900+00:00,1,0,1,0
2026-03-14T16:21:11.732754800+00:00,3,1,1,1
2026-03-14T16:21:11.780168+00:00,1,0,1,0
2026-03-14T16:23:11.191742400+00:00,64,47,17,0
2026-03-14T16:23:11.237789400+00:00,64,45,19,0
2026-03-14T16:23:11.283864+00:00,64,0,64,0
2026-03-14T16:23:11.343878600+00:00,64,1,63,0
2026-03-14T16:23:11.392533600+00:00,64,0,64,0
2026-03-14T16:23:11.437539+00:00,64,1,63,0
2026-03-14T16:23:11.484617+00:00,64,0,64,0
2026-03-14T16:23:11.531281200+00:00,64,1,63,0
2026-03-14T16:23:11.594340400+00:00,64,0,64,0
2026-03-14T16:23:11.638235100+00:00,13,1,10,2
2026-03-14T16:23:11.733472400+00:00,2,1,1,0
2026-03-14T16:23:11.779948500+00:00,2,0,1,1
2026-03-14T16:23:11.841926600+00:00,2,1,1,0
2026-03-14T16:23:11.889518900+00:00,1,0,1,0
2026-03-14T16:23:11.983143400+00:00,3,1,1,1
2026-03-14T16:24:16.293916+00:00,64,46,18,0
2026-03-14T16:24:16.340321+00:00,64,46,18,0
2026-03-14T16:24:16.389279900+00:00,64,0,64,0
2026-03-14T16:24:16.433806+00:00,64,0,64,0
2026-03-14T16:24:16.481611300+00:00,64,1,63,0
2026-03-14T16:24:16.544907300+00:00,64,0,64,0
2026-03-14T16:24:16.593172400+00:00,64,1,63,0
2026-03-14T16:24:16.641367600+00:00,64,0,64,0
2026-03-14T16:24:16.687147+00:00,64,1,63,0
2026-03-14T16:24:16.730625200+00:00,12,0,10,2
2026-03-14T16:24:16.781889500+00:00,1,0,1,0
2026-03-14T16:24:16.839552700+00:00,2,1,1,0
2026-03-14T16:24:16.933860300+00:00,3,1,1,1
2026-03-14T16:24:16.979362900+00:00,1,0,1,0
2026-03-14T16:24:17.041373900+00:00,2,1,1,0
2026-03-14T16:24:17.093558+00:00,1,0,1,0
2026-03-14T16:24:46.347163300+00:00,64,47,17,0
2026-03-14T16:24:46.390542700+00:00,64,45,19,0
2026-03-14T16:24:46.437129700+00:00,64,1,63,0
2026-03-14T16:24:46.484405900+00:00,64,0,64,0
2026-03-14T16:24:46.533317800+00:00,64,0,64,0
2026-03-14T16:24:46.597332400+00:00,64,1,63,0
2026-03-14T16:24:46.640854+00:00,64,0,64,0
2026-03-14T16:24:46.689524700+00:00,64,1,41,22
2026-03-14T16:24:46.736646+00:00,64,0,1,63
2026-03-14T16:24:46.781986300+00:00,12,1,0,11
2026-03-14T16:24:46.844120300+00:00,1,0,1,0
2026-03-14T16:24:46.891566600+00:00,2,1,1,0
2026-03-14T16:24:46.936651600+00:00,2,0,1,1
2026-03-14T16:24:46.983362+00:00,2,1,1,0
2026-03-14T16:24:47.092755500+00:00,2,1,1,0
2026-03-14T16:24:47.139222300+00:00,1,0,1,0
2026-03-14T16:25:16.396875500+00:00,64,47,17,0
2026-03-14T16:25:16.438336500+00:00,64,45,19,0
2026-03-14T16:25:16.484154900+00:00,64,0,64,0
2026-03-14T16:25:16.531194+00:00,64,1,63,0
2026-03-14T16:25:16.595432400+00:00,64,0,64,0
2026-03-14T16:25:16.641305600+00:00,64,1,63,0
2026-03-14T16:25:16.688819500+00:00,64,0,64,0
2026-03-14T16:25:16.735126600+00:00,64,1,44,19
2026-03-14T16:25:16.781765100+00:00,64,0,1,63
2026-03-14T16:25:16.842700400+00:00,12,1,1,10
2026-03-14T16:25:16.888232+00:00,1,0,1,0
2026-03-14T16:25:16.934198600+00:00,1,0,1,0
2026-03-14T16:25:16.982617800+00:00,1,1,0,0
2026-03-14T16:25:17.029695200+00:00,2,0,1,1
2026-03-14T16:25:17.094052800+00:00,2,1,1,0
2026-03-14T16:25:17.139475200+00:00,1,0,1,0
2026-03-14T16:25:17.186033+00:00,2,1,1,0
2026-03-14T16:25:41.435502600+00:00,64,46,18,0
2026-03-14T16:25:41.481007+00:00,64,45,19,0
2026-03-14T16:25:41.542738700+00:00,64,1,63,0
2026-03-14T16:25:41.588764+00:00,64,0,64,0
2026-03-14T16:25:41.636957400+00:00,64,1,63,0
2026-03-14T16:25:41.685831300+00:00,64,0,64,0
2026-03-14T16:25:41.733082200+00:00,64,1,42,21
2026-03-14T16:25:41.794675100+00:00,64,0,1,63
2026-03-14T16:25:41.840944900+00:00,37,1,0,36
2026-03-14T16:25:41.885547400+00:00,2,0,1,1
2026-03-14T16:25:41.931866900+00:00,2,1,1,0
2026-03-14T16:25:41.994731900+00:00,1,0,1,0
2026-03-14T16:25:42.039376100+00:00,2,1,1,0
2026-03-14T16:25:42.087686900+00:00,1,0,0,1
2026-03-14T16:25:42.133292200+00:00,1,0,1,0
2026-03-14T16:25:42.179496+00:00,2,1,1,0
2026-03-14T16:25:42.241994500+00:00,1,0,1,0
2026-03-14T16:25:46.438197+00:00,3,1,1,1
2026-03-14T16:25:46.487554900+00:00,64,38,26,0
2026-03-14T16:25:46.534729400+00:00,64,1,42,21
2026-03-14T16:25:46.643974200+00:00,2,1,1,0
2026-03-14T16:25:46.689690400+00:00,1,0,1,0
2026-03-14T16:25:46.736967500+00:00,3,1,1,1
2026-03-14T16:25:46.784631800+00:00,1,0,1,0
2026-03-14T16:25:46.895555300+00:00,2,1,1,0
2026-03-14T16:25:46.943461600+00:00,2,0,1,1
2026-03-14T16:25:46.991680200+00:00,2,1,1,0
2026-03-14T16:25:47.037960200+00:00,1,0,1,0
2026-03-14T16:25:47.084864600+00:00,1,1,0,0
2026-03-14T16:25:47.130128900+00:00,2,0,1,1
2026-03-14T16:25:47.193728800+00:00,2,1,1,0
2026-03-14T16:25:51.442483800+00:00,1,0,1,0
2026-03-14T16:25:51.490394400+00:00,64,39,25,0
2026-03-14T16:25:51.537540400+00:00,64,1,44,19
2026-03-14T16:25:51.584066900+00:00,4,0,1,3
2026-03-14T16:25:51.694661400+00:00,2,1,1,0
2026-03-14T16:25:51.741545700+00:00,1,0,1,0
2026-03-14T16:25:51.787837+00:00,3,1,1,1
2026-03-14T16:25:51.835986200+00:00,1,0,1,0
2026-03-14T16:25:51.882118600+00:00,1,1,0,0
2026-03-14T16:25:51.945217600+00:00,1,0,1,0
2026-03-14T16:25:51.991917100+00:00,3,1,1,1
2026-03-14T16:25:52.037476500+00:00,1,0,1,0
2026-03-14T16:25:52.083674700+00:00,2,1,1,0
2026-03-14T16:25:52.179474900+00:00,1,0,1,0
2026-03-14T16:25:52.238898200+00:00,3,1,1,1
2026-03-14T16:26:31.485297600+00:00,64,47,17,0
2026-03-14T16:26:31.532492200+00:00,64,45,19,0
2026-03-14T16:26:31.580573800+00:00,64,0,64,0
2026-03-14T16:26:31.642934500+00:00,64,1,63,0
2026-03-14T16:26:31.692390500+00:00,64,0,64,0
2026-03-14T16:26:31.736507700+00:00,64,1,63,0
2026-03-14T16:26:31.782947300+00:00,64,0,64,0
2026-03-14T16:26:31.830610600+00:00,64,1,63,0
2026-03-14T16:26:31.895147+00:00,64,0,64,0
2026-03-14T16:26:31.940812800+00:00,13,1,10,2
2026-03-14T16:26:32.032738600+00:00,2,1,1,0
2026-03-14T16:26:32.095200+00:00,2,0,1,1
2026-03-14T16:26:32.144628600+00:00,2,1,1,0
2026-03-14T16:26:32.189047100+00:00,1,0,1,0
2026-03-14T16:26:32.281293400+00:00,3,1,1,1
2026-03-14T16:27:21.547542800+00:00,64,46,18,0
2026-03-14T16:27:21.593345600+00:00,64,46,18,0
2026-03-14T16:27:21.640713500+00:00,64,0,64,0
2026-03-14T16:27:21.686033100+00:00,64,1,63,0
2026-03-14T16:27:21.735054400+00:00,64,0,64,0
2026-03-14T16:27:21.793714900+00:00,64,1,63,0
2026-03-14T16:27:21.840985500+00:00,64,0,64,0
2026-03-14T16:27:21.888633500+00:00,64,0,64,0
2026-03-14T16:27:21.933116500+00:00,64,1,63,0
2026-03-14T16:27:21.979744300+00:00,11,0,9,2
2026-03-14T16:27:22.043185+00:00,3,1,1,1
2026-03-14T16:27:22.089486900+00:00,1,0,1,0
2026-03-14T16:27:22.136738400+00:00,2,1,1,0
2026-03-14T16:27:22.230307800+00:00,3,1,1,1
2026-03-14T16:27:22.293131900+00:00,1,0,1,0
2026-03-14T16:27:22.338396100+00:00,2,1,1,0
2026-03-14T16:29:11.686969600+00:00,64,46,18,0
2026-03-14T16:29:11.732575700+00:00,64,45,19,0
2026-03-14T16:29:11.794711+00:00,64,1,63,0
2026-03-14T16:29:11.839617200+00:00,64,0,64,0
2026-03-14T16:29:11.887155900+00:00,64,1,63,0
2026-03-14T16:29:11.933320100+00:00,64,0,64,0
2026-03-14T16:29:11.995442+00:00,64,1,63,0
2026-03-14T16:29:12.041288800+00:00,64,0,64,0
2026-03-14T16:29:12.090700200+00:00,64,1,63,0
2026-03-14T16:29:12.135349600+00:00,12,0,10,2
2026-03-14T16:29:12.180965200+00:00,1,0,1,0
2026-03-14T16:29:12.244109300+00:00,2,1,1,0
2026-03-14T16:29:12.291299300+00:00,2,1,1,0
2026-03-14T16:29:12.337760100+00:00,2,0,1,1
2026-03-14T16:29:12.430382200+00:00,2,1,1,0
2026-03-14T16:29:16.683742900+00:00,1,0,1,0
2026-03-14T16:29:16.731744900+00:00,64,39,25,0
2026-03-14T16:29:16.795054500+00:00,64,1,44,19
2026-03-14T16:29:16.840756100+00:00,4,0,1,3
2026-03-14T16:29:16.934166200+00:00,2,1,1,0
2026-03-14T16:29:16.979482500+00:00,1,0,1,0
2026-03-14T16:29:17.041503700+00:00,3,1,1,1
2026-03-14T16:29:17.089470200+00:00,1,0,1,0
2026-03-14T16:29:17.137759600+00:00,1,1,0,0
2026-03-14T16:29:17.184702300+00:00,1,0,1,0
2026-03-14T16:29:17.230794500+00:00,3,1,1,1
2026-03-14T16:29:17.293706600+00:00,1,0,1,0
2026-03-14T16:29:17.339665200+00:00,2,1,1,0
2026-03-14T16:29:17.433276200+00:00,2,0,1,1
2026-03-14T16:29:17.479434900+00:00,2,1,1,0
2026-03-14T16:29:21.694511700+00:00,1,0,1,0
2026-03-14T16:29:21.738899900+00:00,64,39,25,0
2026-03-14T16:29:21.785841600+00:00,64,0,43,21
2026-03-14T16:29:21.831458800+00:00,2,1,1,0
2026-03-14T16:29:21.893229800+00:00,2,0,1,1
2026-03-14T16:29:21.940078+00:00,1,1,0,0
2026-03-14T16:29:21.988202400+00:00,1,0,1,0
2026-03-14T16:29:22.034775400+00:00,2,1,1,0
2026-03-14T16:29:22.082010+00:00,2,0,1,1
2026-03-14T16:29:22.146586300+00:00,2,1,1,0
2026-03-14T16:29:22.240179600+00:00,1,0,1,0
2026-03-14T16:29:22.286497200+00:00,3,1,1,1
2026-03-14T16:29:22.333829600+00:00,1,0,1,0
2026-03-14T16:29:22.380752900+00:00,1,1,0,0
2026-03-14T16:29:22.444569600+00:00,1,0,1,0
2026-03-14T16:29:22.490861600+00:00,3,1,1,1
2026-03-14T16:29:51.747609800+00:00,64,47,17,0
2026-03-14T16:29:51.793432700+00:00,64,45,19,0
2026-03-14T16:29:51.838176700+00:00,64,1,63,0
2026-03-14T16:29:51.884394300+00:00,64,0,64,0
2026-03-14T16:29:51.931764+00:00,64,1,63,0
2026-03-14T16:29:51.996133600+00:00,64,0,64,0
2026-03-14T16:29:52.041946900+00:00,64,1,63,0
2026-03-14T16:29:52.085592400+00:00,64,0,41,23
2026-03-14T16:29:52.134015+00:00,64,0,1,63
2026-03-14T16:29:52.196618500+00:00,13,1,1,11
2026-03-14T16:29:52.241558400+00:00,2,1,1,0
2026-03-14T16:29:52.336750900+00:00,2,0,1,1
2026-03-14T16:29:52.383988700+00:00,2,1,1,0
2026-03-14T16:29:52.431562400+00:00,1,0,1,0
2026-03-14T16:29:52.480176800+00:00,1,1,0,0
2026-03-14T16:29:52.541601200+00:00,2,0,1,1
2026-03-14T16:30:21.793511+00:00,64,47,17,0
2026-03-14T16:30:21.842923900+00:00,64,45,19,0
2026-03-14T16:30:21.889922300+00:00,64,1,63,0
2026-03-14T16:30:21.933297800+00:00,64,0,64,0
2026-03-14T16:30:21.995046100+00:00,64,1,63,0
2026-03-14T16:30:22.039473200+00:00,64,0,64,0
2026-03-14T16:30:22.086307+00:00,64,0,64,0
2026-03-14T16:30:22.133867500+00:00,64,1,41,22
2026-03-14T16:30:22.194747400+00:00,64,0,1,63
2026-03-14T16:30:22.239810200+00:00,13,1,1,11
2026-03-14T16:30:22.333496100+00:00,2,1,1,0
2026-03-14T16:30:22.379909900+00:00,2,0,1,1
2026-03-14T16:30:22.442334100+00:00,2,1,1,0
2026-03-14T16:30:22.489508+00:00,1,0,1,0
2026-03-14T16:30:22.538091900+00:00,1,1,0,0
2026-03-14T16:30:22.582863900+00:00,2,0,1,1
2026-03-14T16:31:01.844484800+00:00,64,46,18,0
2026-03-14T16:31:01.890570800+00:00,64,46,18,0
2026-03-14T16:31:01.941988700+00:00,64,0,64,0
2026-03-14T16:31:01.984924100+00:00,64,0,64,0
2026-03-14T16:31:02.035192+00:00,64,1,63,0
2026-03-14T16:31:02.093784800+00:00,64,0,64,0
2026-03-14T16:31:02.138810+00:00,64,1,63,0
2026-03-14T16:31:02.187269400+00:00,64,0,64,0
2026-03-14T16:31:02.233690600+00:00,64,1,63,0
2026-03-14T16:31:02.294073300+00:00,12,0,10,2
2026-03-14T16:31:02.341333300+00:00,1,1,0,0
2026-03-14T16:31:02.387710100+00:00,2,0,1,1
2026-03-14T16:31:02.434090800+00:00,2,1,1,0
2026-03-14T16:31:02.479910900+00:00,1,0,1,0
2026-03-14T16:31:02.543674300+00:00,2,1,1,0
2026-03-14T16:31:02.589905100+00:00,1,0,0,1
2026-03-14T16:31:02.638031300+00:00,1,0,1,0
2026-03-14T16:31:26.891309100+00:00,64,46,18,0
2026-03-14T16:31:26.941494+00:00,64,46,18,0
2026-03-14T16:31:26.990092200+00:00,64,1,63,0
2026-03-14T16:31:27.035485+00:00,64,0,64,0
2026-03-14T16:31:27.095568100+00:00,64,1,63,0
2026-03-14T16:31:27.142722300+00:00,64,0,64,0
2026-03-14T16:31:27.189983300+00:00,64,1,41,22
2026-03-14T16:31:27.235357100+00:00,64,0,1,63
2026-03-14T16:31:27.281733900+00:00,37,0,1,36
2026-03-14T16:31:27.343921900+00:00,3,1,1,1
2026-03-14T16:31:27.390967700+00:00,1,0,1,0
2026-03-14T16:31:27.437835500+00:00,1,1,0,0
2026-03-14T16:31:27.484732500+00:00,1,0,1,0
2026-03-14T16:31:27.530249300+00:00,3,1,1,1
2026-03-14T16:31:27.590634800+00:00,1,0,1,0
2026-03-14T16:31:27.636082400+00:00,2,1,1,0
2026-03-14T16:31:46.933748300+00:00,64,45,19,0
2026-03-14T16:31:46.994904+00:00,64,46,18,0
2026-03-14T16:31:47.040638900+00:00,64,1,63,0
2026-03-14T16:31:47.086911500+00:00,64,0,64,0
2026-03-14T16:31:47.138091100+00:00,64,1,63,0
2026-03-14T16:31:47.186303100+00:00,64,0,42,22
2026-03-14T16:31:47.233733700+00:00,64,0,1,63
2026-03-14T16:31:47.293699900+00:00,13,1,1,11
2026-03-14T16:31:47.340120100+00:00,1,0,1,0
2026-03-14T16:31:47.386828400+00:00,2,1,1,0
2026-03-14T16:31:47.434491100+00:00,1,0,0,1
2026-03-14T16:31:47.480003400+00:00,2,1,1,0
2026-03-14T16:31:47.540809900+00:00,1,0,1,0
2026-03-14T16:31:47.586253900+00:00,2,1,1,0
2026-03-14T16:31:47.633961900+00:00,2,0,1,1
2026-03-14T16:31:47.680428700+00:00,1,1,0,0
2026-03-14T16:31:47.745690200+00:00,1,0,1,0
2026-03-14T16:31:51.945327200+00:00,2,1,1,0
2026-03-14T16:31:51.990529+00:00,64,38,26,0
2026-03-14T16:31:52.038747700+00:00,63,0,42,21
2026-03-14T16:31:52.084194900+00:00,2,1,1,0
2026-03-14T16:31:52.143982200+00:00,2,0,1,1
2026-03-14T16:31:52.191681600+00:00,2,1,1,0
2026-03-14T16:31:52.286599100+00:00,2,1,1,0
2026-03-14T16:31:52.333080400+00:00,2,0,1,1
2026-03-14T16:31:52.380575600+00:00,2,1,1,0
2026-03-14T16:31:52.442109+00:00,1,0,1,0
2026-03-14T16:31:52.489652700+00:00,1,1,0,0
2026-03-14T16:31:52.533414+00:00,2,0,1,1
2026-03-14T16:31:52.581903900+00:00,1,0,1,0
2026-03-14T16:31:52.629525100+00:00,2,1,1,0
2026-03-14T16:31:52.693024300+00:00,1,0,1,0
2026-03-14T16:31:52.738710200+00:00,2,1,0,1
2026-03-14T16:32:21.991674700+00:00,64,47,17,0
2026-03-14T16:32:22.043065900+00:00,64,45,19,0
2026-03-14T16:32:22.085255800+00:00,64,1,63,0
2026-03-14T16:32:22.134289500+00:00,64,0,64,0
2026-03-14T16:32:22.193779900+00:00,64,1,63,0
2026-03-14T16:32:22.239119100+00:00,64,0,64,0
2026-03-14T16:32:22.286259700+00:00,64,0,64,0
2026-03-14T16:32:22.334740300+00:00,64,1,40,23
2026-03-14T16:32:22.387444400+00:00,64,0,0,64
2026-03-14T16:32:22.444913900+00:00,12,1,1,10
2026-03-14T16:32:22.488965+00:00,1,0,1,0
2026-03-14T16:32:22.537204800+00:00,2,1,1,0
2026-03-14T16:32:22.584566700+00:00,2,0,1,1
2026-03-14T16:32:22.630751800+00:00,1,1,0,0
2026-03-14T16:32:22.693507200+00:00,1,0,1,0
2026-03-14T16:32:22.740573100+00:00,2,1,1,0
2026-03-14T16:32:22.787029300+00:00,2,0,1,1
2026-03-14T16:32:26.995225100+00:00,1,0,1,0
2026-03-14T16:32:27.042319400+00:00,64,39,25,0
2026-03-14T16:32:27.090819100+00:00,64,0,43,21
2026-03-14T16:32:27.137254700+00:00,2,1,1,0
2026-03-14T16:32:27.233672900+00:00,3,1,1,1
2026-03-14T16:32:27.295064500+00:00,1,0,1,0
2026-03-14T16:32:27.340983900+00:00,2,1,1,0
2026-03-14T16:32:27.388319200+00:00,1,0,1,0
2026-03-14T16:32:27.435717400+00:00,2,1,0,1
2026-03-14T16:32:27.481628200+00:00,1,0,1,0
2026-03-14T16:32:27.543817500+00:00,2,1,1,0
2026-03-14T16:32:27.590586900+00:00,1,0,1,0
2026-03-14T16:32:27.637981300+00:00,2,0,1,1
2026-03-14T16:32:27.683763100+00:00,1,1,0,0
2026-03-14T16:32:27.730706700+00:00,1,0,1,0
2026-03-14T16:32:27.793419800+00:00,2,1,1,0
2026-03-14T16:33:32.089591800+00:00,64,47,17,0
2026-03-14T16:33:32.135376600+00:00,64,45,19,0
2026-03-14T16:33:32.185432400+00:00,64,0,64,0
2026-03-14T16:33:32.244784300+00:00,64,1,63,0
2026-03-14T16:33:32.293482+00:00,64,0,64,0
2026-03-14T16:33:32.335974800+00:00,64,1,63,0
2026-03-14T16:33:32.386012+00:00,64,0,64,0
2026-03-14T16:33:32.431366400+00:00,64,1,63,0
2026-03-14T16:33:32.494357300+00:00,64,0,64,0
2026-03-14T16:33:32.542621600+00:00,12,1,9,2
2026-03-14T16:33:32.585548+00:00,1,0,1,0
2026-03-14T16:33:32.631924+00:00,3,1,1,1
2026-03-14T16:33:32.679751100+00:00,1,0,1,0
2026-03-14T16:33:32.742645700+00:00,2,1,1,0
2026-03-14T16:33:32.834532100+00:00,2,0,1,1
2026-03-14T16:33:32.881118600+00:00,2,1,1,0
2026-03-14T16:34:57.242566+00:00,64,47,17,0
2026-03-14T16:34:57.289743800+00:00,64,45,19,0
2026-03-14T16:34:57.335438400+00:00,64,1,63,0
2026-03-14T16:34:57.381549800+00:00,64,0,64,0
2026-03-14T16:34:57.444551400+00:00,64,1,63,0
2026-03-14T16:34:57.491989300+00:00,64,0,64,0
2026-03-14T16:34:57.539588700+00:00,64,0,64,0
2026-03-14T16:34:57.587266300+00:00,64,1,63,0
2026-03-14T16:34:57.632172400+00:00,64,0,64,0
2026-03-14T16:34:57.692939900+00:00,13,1,10,2
2026-03-14T16:34:57.735819600+00:00,1,0,1,0
2026-03-14T16:34:57.782653600+00:00,1,1,0,0
2026-03-14T16:34:57.829763800+00:00,2,0,1,1
2026-03-14T16:34:57.891744300+00:00,2,1,1,0
2026-03-14T16:34:57.938526600+00:00,1,0,1,0
2026-03-14T16:34:57.986352600+00:00,2,1,1,0
2026-03-14T16:34:58.032416+00:00,1,0,0,1
2026-03-14T16:35:02.244909800+00:00,1,0,1,0
2026-03-14T16:35:02.291176700+00:00,64,39,25,0
2026-03-14T16:35:02.340004400+00:00,64,1,44,19
2026-03-14T16:35:02.385157300+00:00,2,0,0,2
2026-03-14T16:35:02.430956800+00:00,1,0,1,0
2026-03-14T16:35:02.493518700+00:00,3,1,1,1
2026-03-14T16:35:02.540206200+00:00,1,0,1,0
2026-03-14T16:35:02.587107200+00:00,2,1,1,0
2026-03-14T16:35:02.681133+00:00,3,1,1,1
2026-03-14T16:35:02.742565500+00:00,1,0,1,0
2026-03-14T16:35:02.789641500+00:00,2,1,1,0
2026-03-14T16:35:02.837340100+00:00,1,0,1,0
2026-03-14T16:35:02.883853500+00:00,2,1,0,1
2026-03-14T16:35:02.929805300+00:00,1,0,1,0
2026-03-14T16:35:02.991319200+00:00,2,1,1,0
2026-03-14T16:35:03.039690600+00:00,1,0,1,0
2026-03-14T16:35:27.289213400+00:00,64,47,17,0
2026-03-14T16:35:27.334382200+00:00,64,45,19,0
2026-03-14T16:35:27.400646600+00:00,64,1,63,0
2026-03-14T16:35:27.442865400+00:00,64,0,64,0
2026-03-14T16:35:27.491322600+00:00,64,1,63,0
2026-03-14T16:35:27.537568700+00:00,64,0,64,0
2026-03-14T16:35:27.587584100+00:00,64,0,45,19
2026-03-14T16:35:27.635252300+00:00,64,1,1,62
2026-03-14T16:35:27.695400400+00:00,38,0,1,37
2026-03-14T16:35:27.739347700+00:00,2,1,1,0
2026-03-14T16:35:27.787307700+00:00,1,0,1,0
2026-03-14T16:35:27.834267700+00:00,2,1,0,1
2026-03-14T16:35:27.880326400+00:00,1,0,1,0
2026-03-14T16:35:27.941607400+00:00,2,1,1,0
2026-03-14T16:35:27.988313900+00:00,1,0,1,0
2026-03-14T16:35:28.035594900+00:00,3,1,1,1
2026-03-14T16:35:32.290987100+00:00,1,0,1,0
2026-03-14T16:35:32.336666900+00:00,64,39,25,0
2026-03-14T16:35:32.387016600+00:00,64,0,43,21
2026-03-14T16:35:32.431253200+00:00,2,1,1,0
2026-03-14T16:35:32.493509100+00:00,1,0,1,0
2026-03-14T16:35:32.539542400+00:00,3,1,1,1
2026-03-14T16:35:32.588268200+00:00,1,0,1,0
2026-03-14T16:35:32.634055+00:00,1,1,0,0
2026-03-14T16:35:32.680217200+00:00,1,0,1,0
2026-03-14T16:35:32.745191900+00:00,3,1,1,1
2026-03-14T16:35:32.790507900+00:00,1,0,1,0
2026-03-14T16:35:32.838509800+00:00,2,1,1,0
2026-03-14T16:35:32.933427700+00:00,2,0,1,1
2026-03-14T16:35:32.980052600+00:00,2,1,1,0
2026-03-14T16:35:33.041846600+00:00,1,0,1,0
2026-03-14T16:35:33.089962800+00:00,2,1,1,0
2026-03-14T16:36:02.336643500+00:00,64,46,18,0
2026-03-14T16:36:02.386848200+00:00,64,46,18,0
2026-03-14T16:36:02.447703100+00:00,64,0,64,0
2026-03-14T16:36:02.491832700+00:00,64,1,63,0
2026-03-14T16:36:02.539453200+00:00,64,0,64,0
2026-03-14T16:36:02.587276400+00:00,64,0,64,0
2026-03-14T16:36:02.631677200+00:00,64,1,63,0
2026-03-14T16:36:02.692871700+00:00,64,0,42,22
2026-03-14T16:36:02.740230+00:00,64,1,1,62
2026-03-14T16:36:02.784468900+00:00,11,0,0,11
2026-03-14T16:36:02.830063600+00:00,2,1,1,0
2026-03-14T16:36:02.893699+00:00,1,0,1,0
2026-03-14T16:36:02.939570400+00:00,3,1,1,1
2026-03-14T16:36:02.985017+00:00,1,0,1,0
2026-03-14T16:36:03.030741700+00:00,1,1,0,0
2026-03-14T16:36:03.093518800+00:00,1,0,1,0
2026-03-14T16:36:37.398131400+00:00,64,47,17,0
2026-03-14T16:36:37.441089800+00:00,64,45,19,0
2026-03-14T16:36:37.488636700+00:00,64,1,63,0
2026-03-14T16:36:37.534420700+00:00,64,0,64,0
2026-03-14T16:36:37.585277800+00:00,64,0,64,0
2026-03-14T16:36:37.645997100+00:00,64,1,63,0
2026-03-14T16:36:37.693354200+00:00,64,0,64,0
2026-03-14T16:36:37.741297400+00:00,64,1,63,0
2026-03-14T16:36:37.790185100+00:00,64,0,41,23
2026-03-14T16:36:37.832836400+00:00,12,1,1,10
2026-03-14T16:36:37.880370300+00:00,1,0,1,0
2026-03-14T16:36:37.941670700+00:00,2,1,1,0
2026-03-14T16:36:37.988219600+00:00,1,0,1,0
2026-03-14T16:36:38.034787400+00:00,3,1,1,1
2026-03-14T16:36:38.142735+00:00,2,1,1,0
2026-03-14T16:36:38.189171700+00:00,1,0,1,0
2026-03-14T16:36:42.395338300+00:00,2,0,1,1
2026-03-14T16:36:42.442013300+00:00,64,39,25,0
2026-03-14T16:36:42.487239500+00:00,64,0,43,21
2026-03-14T16:36:42.532947900+00:00,2,1,1,0
2026-03-14T16:36:42.595087+00:00,1,0,1,0
2026-03-14T16:36:42.640310200+00:00,1,1,0,0
2026-03-14T16:36:42.687278+00:00,2,0,1,1
2026-03-14T16:36:42.734069700+00:00,2,1,1,0
2026-03-14T16:36:42.780758700+00:00,1,0,1,0
2026-03-14T16:36:42.843748+00:00,2,1,1,0
2026-03-14T16:36:42.890976500+00:00,1,0,0,1
2026-03-14T16:36:42.935977900+00:00,2,1,1,0
2026-03-14T16:36:42.982741900+00:00,1,0,1,0
2026-03-14T16:36:43.029399900+00:00,1,0,1,0
2026-03-14T16:36:43.092221900+00:00,3,1,1,1
2026-03-14T16:36:43.185473500+00:00,2,1,1,0
2026-03-14T16:43:55.113848800+00:00,64,0,64,0
2026-03-14T16:43:55.160702400+00:00,64,0,64,0
2026-03-14T16:43:55.207993700+00:00,64,0,64,0
2026-03-14T16:43:55.270921200+00:00,64,0,64,0
2026-03-14T16:43:55.317116300+00:00,64,0,64,0
2026-03-14T16:43:55.364374600+00:00,64,0,64,0
2026-03-14T16:43:55.410956100+00:00,64,0,64,0
2026-03-14T16:43:55.457793300+00:00,64,0,64,0
2026-03-14T16:43:55.521436400+00:00,64,0,64,0
2026-03-14T16:43:55.568172600+00:00,12,0,10,2
2026-03-14T16:43:55.614625700+00:00,1,0,1,0
2026-03-14T16:43:55.662303500+00:00,1,0,1,0
2026-03-14T16:43:55.708074400+00:00,3,0,2,1
2026-03-14T16:43:55.770861600+00:00,1,0,1,0
2026-03-14T16:43:55.816835700+00:00,2,0,2,0
2026-03-14T16:43:55.910328700+00:00,2,0,1,1
2026-03-14T16:44:00.116603100+00:00,2,0,2,0
2026-03-14T16:44:00.164055700+00:00,64,15,49,0
2026-03-14T16:44:00.210030+00:00,64,1,42,21
2026-03-14T16:44:00.256177700+00:00,1,0,1,0
2026-03-14T16:44:00.318791800+00:00,2,1,1,0
2026-03-14T16:44:00.365763800+00:00,1,0,1,0
2026-03-14T16:44:00.413183400+00:00,2,1,0,1
2026-03-14T16:44:00.460174400+00:00,1,0,1,0
2026-03-14T16:44:00.521764300+00:00,2,1,1,0
2026-03-14T16:44:00.567895800+00:00,1,0,1,0
2026-03-14T16:44:00.614257700+00:00,3,1,1,1
2026-03-14T16:44:00.708798300+00:00,1,0,1,0
2026-03-14T16:44:00.770047600+00:00,2,1,1,0
2026-03-14T16:44:00.817756600+00:00,2,0,1,1
2026-03-14T16:44:00.863503700+00:00,2,1,1,0
2026-03-14T16:44:05.115009300+00:00,2,1,1,0
2026-03-14T16:44:05.162145900+00:00,64,38,26,0
2026-03-14T16:44:05.207481700+00:00,64,1,42,21
2026-03-14T16:44:05.267845200+00:00,2,0,1,1
2026-03-14T16:44:05.314020300+00:00,2,1,1,0
2026-03-14T16:44:05.359981200+00:00,1,0,1,0
2026-03-14T16:44:05.406407300+00:00,2,1,1,0
2026-03-14T16:44:05.468635100+00:00,2,0,1,1
2026-03-14T16:44:05.515515+00:00,1,1,0,0
2026-03-14T16:44:05.561647400+00:00,1,0,1,0
2026-03-14T16:44:05.607769400+00:00,1,0,1,0
2026-03-14T16:44:05.669836+00:00,3,1,1,1
2026-03-14T16:44:05.717266200+00:00,1,0,1,0
2026-03-14T16:44:05.762337600+00:00,1,1,0,0
2026-03-14T16:44:05.808662+00:00,1,0,1,0
2026-03-14T16:44:05.870170800+00:00,3,1,1,1
2026-03-14T16:44:40.167761600+00:00,64,45,19,0
2026-03-14T16:44:40.215237800+00:00,64,46,18,0
2026-03-14T16:44:40.261847200+00:00,64,0,64,0
2026-03-14T16:44:40.309599500+00:00,64,1,63,0
2026-03-14T16:44:40.372732600+00:00,64,0,64,0
2026-03-14T16:44:40.418178300+00:00,64,1,63,0
2026-03-14T16:44:40.464755800+00:00,64,0,64,0
2026-03-14T16:44:40.511050600+00:00,64,1,63,0
2026-03-14T16:44:40.557759700+00:00,64,0,42,22
2026-03-14T16:44:40.620809+00:00,13,1,1,11
2026-03-14T16:44:40.666383700+00:00,1,0,1,0
2026-03-14T16:44:40.759811+00:00,3,1,1,1
2026-03-14T16:44:40.807210300+00:00,1,0,1,0
2026-03-14T16:44:40.869734200+00:00,2,1,1,0
2026-03-14T16:44:40.916458400+00:00,1,0,1,0
2026-03-14T16:44:40.964369900+00:00,2,1,0,1
2026-03-14T16:44:45.167970900+00:00,1,0,1,0
2026-03-14T16:44:45.216066100+00:00,64,39,25,0
2026-03-14T16:44:45.262720200+00:00,64,0,43,21
2026-03-14T16:44:45.308042300+00:00,2,1,1,0
2026-03-14T16:44:45.369791500+00:00,1,0,1,0
2026-03-14T16:44:45.416735900+00:00,3,1,1,1
2026-03-14T16:44:45.464056800+00:00,1,0,1,0
2026-03-14T16:44:45.556523+00:00,2,1,1,0
2026-03-14T16:44:45.617117300+00:00,2,0,1,1
2026-03-14T16:44:45.663153600+00:00,2,1,1,0
2026-03-14T16:44:45.709754900+00:00,1,0,1,0
2026-03-14T16:44:45.771276800+00:00,2,1,1,0
2026-03-14T16:44:45.816931300+00:00,1,0,0,1
2026-03-14T16:44:45.862419500+00:00,2,1,1,0
2026-03-14T16:44:45.907807100+00:00,1,0,1,0
2026-03-14T16:45:10.216245900+00:00,64,46,18,0
2026-03-14T16:45:10.262955400+00:00,64,46,18,0
2026-03-14T16:45:10.311214900+00:00,64,0,64,0
2026-03-14T16:45:10.358135+00:00,64,0,64,0
2026-03-14T16:45:10.418380400+00:00,64,1,63,0
2026-03-14T16:45:10.464559900+00:00,64,0,64,0
2026-03-14T16:45:10.510619600+00:00,64,1,42,21
2026-03-14T16:45:10.558054900+00:00,64,0,1,63
2026-03-14T16:45:10.619886700+00:00,40,1,1,38
2026-03-14T16:45:10.713218100+00:00,2,1,1,0
2026-03-14T16:45:10.759417600+00:00,1,0,1,0
2026-03-14T16:45:10.806716100+00:00,3,1,1,1
2026-03-14T16:45:10.869977600+00:00,1,0,1,0
2026-03-14T16:45:10.917479800+00:00,1,1,0,0
2026-03-14T16:45:10.963036800+00:00,1,0,1,0
2026-03-14T16:45:11.009175400+00:00,2,0,1,1
2026-03-14T16:45:45.268954800+00:00,64,46,18,0
2026-03-14T16:45:45.315019800+00:00,64,45,19,0
2026-03-14T16:45:45.362966200+00:00,64,1,63,0
2026-03-14T16:45:45.409881700+00:00,64,0,64,0
2026-03-14T16:45:45.472117500+00:00,64,1,63,0
2026-03-14T16:45:45.519395+00:00,64,0,64,0
2026-03-14T16:45:45.565084800+00:00,64,1,63,0
2026-03-14T16:45:45.613150600+00:00,64,0,64,0
2026-03-14T16:45:45.659637600+00:00,64,0,43,21
2026-03-14T16:45:45.706461800+00:00,12,1,1,10
2026-03-14T16:45:45.768193+00:00,2,0,1,1
2026-03-14T16:45:45.814525+00:00,2,1,1,0
2026-03-14T16:45:45.860643100+00:00,1,0,1,0
2026-03-14T16:45:45.907442600+00:00,1,1,0,0
2026-03-14T16:45:45.969656800+00:00,2,0,1,1
2026-03-14T16:45:46.016770300+00:00,2,1,1,0
2026-03-14T16:45:46.062413100+00:00,1,0,1,0
2026-03-14T16:46:45.365093400+00:00,64,46,18,0
2026-03-14T16:46:45.413087800+00:00,64,45,19,0
2026-03-14T16:46:45.459098+00:00,64,1,63,0
2026-03-14T16:46:45.520485100+00:00,64,0,64,0
2026-03-14T16:46:45.567540700+00:00,64,1,63,0
2026-03-14T16:46:45.613508+00:00,64,0,64,0
2026-03-14T16:46:45.660668200+00:00,64,1,63,0
2026-03-14T16:46:45.707095400+00:00,64,0,64,0
2026-03-14T16:46:45.768028700+00:00,64,1,63,0
2026-03-14T16:46:45.813441+00:00,13,0,11,2
2026-03-14T16:46:45.860609800+00:00,2,1,1,0
2026-03-14T16:46:45.906212+00:00,1,0,0,1
2026-03-14T16:46:45.970283300+00:00,2,1,1,0
2026-03-14T16:46:46.015741400+00:00,1,0,1,0
2026-03-14T16:46:46.061799800+00:00,1,0,1,0
2026-03-14T16:46:46.107798100+00:00,3,1,1,1
2026-03-14T16:47:45.467492800+00:00,64,46,18,0
2026-03-14T16:47:45.513556+00:00,64,45,19,0
2026-03-14T16:47:45.561312200+00:00,64,1,63,0
2026-03-14T16:47:45.607692800+00:00,64,0,64,0
2026-03-14T16:47:45.670964800+00:00,64,1,63,0
2026-03-14T16:47:45.717117900+00:00,64,0,64,0
2026-03-14T16:47:45.765208500+00:00,64,1,63,0
2026-03-14T16:47:45.811348400+00:00,64,0,64,0
2026-03-14T16:47:45.858325700+00:00,64,1,63,0
2026-03-14T16:47:45.920632700+00:00,12,0,10,2
2026-03-14T16:47:45.966926+00:00,2,1,1,0
2026-03-14T16:47:46.014578700+00:00,2,0,1,1
2026-03-14T16:47:46.060987300+00:00,1,0,1,0
2026-03-14T16:47:46.107432100+00:00,1,1,0,0
2026-03-14T16:47:46.169705400+00:00,1,0,1,0
2026-03-14T16:47:46.215843100+00:00,3,1,1,1
2026-03-14T16:47:46.262077700+00:00,1,0,1,0
2026-03-14T16:47:50.471625300+00:00,2,1,1,0
2026-03-14T16:47:50.518907700+00:00,64,38,26,0
2026-03-14T16:47:50.564948400+00:00,64,1,42,21
2026-03-14T16:47:50.611129500+00:00,1,0,1,0
2026-03-14T16:47:50.657460+00:00,2,1,1,0
2026-03-14T16:47:50.718573+00:00,2,0,1,1
2026-03-14T16:47:50.764210100+00:00,1,1,0,0
2026-03-14T16:47:50.809958300+00:00,1,0,1,0
2026-03-14T16:47:50.856388900+00:00,2,1,1,0
2026-03-14T16:47:50.919564200+00:00,2,0,1,1
2026-03-14T16:47:50.965951800+00:00,2,1,1,0
2026-03-14T16:47:51.059213600+00:00,1,0,1,0
2026-03-14T16:47:51.107239600+00:00,3,1,1,1
2026-03-14T16:47:51.169848600+00:00,1,0,1,0
2026-03-14T16:47:51.216465400+00:00,2,1,1,0
2026-03-14T16:48:25.513094700+00:00,64,46,18,0
2026-03-14T16:48:25.560787700+00:00,64,45,19,0
2026-03-14T16:48:25.606876900+00:00,64,0,64,0
2026-03-14T16:48:25.669797600+00:00,64,1,63,0
2026-03-14T16:48:25.716521900+00:00,64,1,63,0
2026-03-14T16:48:25.763479100+00:00,64,0,64,0
2026-03-14T16:48:25.808716500+00:00,64,0,64,0
2026-03-14T16:48:25.871459600+00:00,64,1,63,0
2026-03-14T16:48:25.918051100+00:00,64,0,41,23
2026-03-14T16:48:25.964426900+00:00,13,1,1,11
2026-03-14T16:48:26.060228300+00:00,3,1,1,1
2026-03-14T16:48:26.107155900+00:00,1,0,1,0
2026-03-14T16:48:26.169636900+00:00,2,1,1,0
2026-03-14T16:48:26.218197100+00:00,1,0,1,0
2026-03-14T16:48:26.264164500+00:00,1,0,0,1
2026-03-14T16:48:26.310740800+00:00,2,1,1,0
2026-03-14T16:48:30.520116500+00:00,1,0,1,0
2026-03-14T16:48:30.568556100+00:00,64,39,25,0
2026-03-14T16:48:30.614614400+00:00,64,0,43,21
2026-03-14T16:48:30.659975+00:00,2,1,1,0
2026-03-14T16:48:30.706392800+00:00,1,0,1,0
2026-03-14T16:48:30.769582600+00:00,3,1,1,1
2026-03-14T16:48:30.863190900+00:00,2,1,1,0
2026-03-14T16:48:30.910390400+00:00,1,0,1,0
2026-03-14T16:48:30.956986+00:00,2,0,1,1
2026-03-14T16:48:31.017773800+00:00,2,1,1,0
2026-03-14T16:48:31.112405100+00:00,2,1,1,0
2026-03-14T16:48:31.159054700+00:00,2,0,1,1
2026-03-14T16:48:31.206347+00:00,2,1,1,0
2026-03-14T16:48:31.268692900+00:00,1,0,1,0
2026-03-14T16:48:31.315394300+00:00,2,1,0,1
2026-03-14T16:49:00.567366800+00:00,64,46,18,0
2026-03-14T16:49:00.614734200+00:00,64,45,19,0
2026-03-14T16:49:00.665109300+00:00,64,1,63,0
2026-03-14T16:49:00.709235100+00:00,64,0,64,0
2026-03-14T16:49:00.771459800+00:00,64,1,63,0
2026-03-14T16:49:00.818066500+00:00,64,0,64,0
2026-03-14T16:49:00.864868700+00:00,64,1,63,0
2026-03-14T16:49:00.910746600+00:00,64,0,41,23
2026-03-14T16:49:00.958036+00:00,64,1,1,62
2026-03-14T16:49:01.020048900+00:00,12,0,1,11
2026-03-14T16:49:01.066626800+00:00,2,1,1,0
2026-03-14T16:49:01.113427700+00:00,1,0,1,0
2026-03-14T16:49:01.161261800+00:00,1,0,0,1
2026-03-14T16:49:01.208026300+00:00,2,1,1,0
2026-03-14T16:49:01.271024800+00:00,1,0,1,0
2026-03-14T16:49:01.316441200+00:00,2,1,1,0
2026-03-14T16:49:01.364055200+00:00,2,0,1,1
2026-03-14T16:49:20.617048700+00:00,64,45,19,0
2026-03-14T16:49:20.665084+00:00,64,46,18,0
2026-03-14T16:49:20.711731600+00:00,64,1,63,0
2026-03-14T16:49:20.758854300+00:00,64,0,64,0
2026-03-14T16:49:20.822309200+00:00,64,1,63,0
2026-03-14T16:49:20.867452900+00:00,64,0,43,21
2026-03-14T16:49:20.913505200+00:00,64,1,0,63
2026-03-14T16:49:20.959972400+00:00,13,0,1,12
2026-03-14T16:49:21.007668600+00:00,1,0,1,0
2026-03-14T16:49:21.068087500+00:00,3,1,1,1
2026-03-14T16:49:21.114380600+00:00,1,0,1,0
2026-03-14T16:49:21.162517500+00:00,1,1,0,0
2026-03-14T16:49:21.208814800+00:00,1,0,1,0
2026-03-14T16:49:21.269582600+00:00,3,1,1,1
2026-03-14T16:49:21.317989900+00:00,1,0,1,0
2026-03-14T16:49:21.363724400+00:00,2,1,1,0
2026-03-14T16:50:00.669704500+00:00,64,46,18,0
2026-03-14T16:50:00.717756100+00:00,64,45,19,0
2026-03-14T16:50:00.762140700+00:00,64,1,63,0
2026-03-14T16:50:00.807940500+00:00,64,0,64,0
2026-03-14T16:50:00.869552500+00:00,64,1,63,0
2026-03-14T16:50:00.917373400+00:00,64,0,64,0
2026-03-14T16:50:00.962228400+00:00,64,0,64,0
2026-03-14T16:50:01.009569300+00:00,64,1,63,0
2026-03-14T16:50:01.056870+00:00,64,0,64,0
2026-03-14T16:50:01.117922500+00:00,13,1,9,3
2026-03-14T16:50:01.163991600+00:00,1,0,1,0
2026-03-14T16:50:01.211301100+00:00,1,1,0,0
2026-03-14T16:50:01.257796400+00:00,1,0,1,0
2026-03-14T16:50:01.320211300+00:00,3,1,1,1
2026-03-14T16:50:01.367180800+00:00,1,0,1,0
2026-03-14T16:50:01.413588900+00:00,2,1,1,0
2026-03-14T16:50:35.721921400+00:00,64,46,18,0
2026-03-14T16:50:35.769346500+00:00,64,45,19,0
2026-03-14T16:50:35.815886600+00:00,64,1,63,0
2026-03-14T16:50:35.861480+00:00,64,0,64,0
2026-03-14T16:50:35.909424800+00:00,64,1,63,0
2026-03-14T16:50:35.972389800+00:00,64,0,64,0
2026-03-14T16:50:36.020027300+00:00,64,1,63,0
2026-03-14T16:50:36.067678800+00:00,64,0,64,0
2026-03-14T16:50:36.115183+00:00,64,0,40,24
2026-03-14T16:50:36.161326100+00:00,13,1,1,11
2026-03-14T16:50:36.270477100+00:00,3,1,1,1
2026-03-14T16:50:36.317009400+00:00,1,0,1,0
2026-03-14T16:50:36.364486500+00:00,2,1,1,0
2026-03-14T16:50:36.410446800+00:00,1,0,1,0
2026-03-14T16:50:36.456452700+00:00,2,1,0,1
2026-03-14T16:50:36.520808600+00:00,1,0,1,0
2026-03-14T16:52:00.857983600+00:00,64,45,19,0
2026-03-14T16:52:00.924569300+00:00,64,46,18,0
2026-03-14T16:52:00.968406800+00:00,64,1,63,0
2026-03-14T16:52:01.014968200+00:00,64,0,64,0
2026-03-14T16:52:01.059492+00:00,64,0,64,0
2026-03-14T16:52:01.124618300+00:00,64,1,63,0
2026-03-14T16:52:01.170496300+00:00,64,0,64,0
2026-03-14T16:52:01.217446200+00:00,64,1,63,0
2026-03-14T16:52:01.264386400+00:00,64,0,64,0
2026-03-14T16:52:01.310075100+00:00,13,1,10,2
2026-03-14T16:52:01.371735800+00:00,1,0,1,0
2026-03-14T16:52:01.417826600+00:00,2,1,0,1
2026-03-14T16:52:01.464103+00:00,1,0,1,0
2026-03-14T16:52:01.509050200+00:00,2,1,1,0
2026-03-14T16:52:01.572748800+00:00,1,0,1,0
2026-03-14T16:52:01.618233100+00:00,3,1,1,1
2026-03-14T16:52:05.864894+00:00,1,0,1,0
2026-03-14T16:52:05.915334400+00:00,64,39,25,0
2026-03-14T16:52:05.960093700+00:00,64,0,43,21
2026-03-14T16:52:06.020426100+00:00,2,1,1,0
2026-03-14T16:52:06.067695800+00:00,2,0,1,1
2026-03-14T16:52:06.114290300+00:00,2,1,1,0
2026-03-14T16:52:06.208287800+00:00,2,1,1,0
2026-03-14T16:52:06.270680400+00:00,2,0,1,1
2026-03-14T16:52:06.317023200+00:00,2,1,1,0
2026-03-14T16:52:06.364291900+00:00,1,0,1,0
2026-03-14T16:52:06.456846900+00:00,3,1,1,1
2026-03-14T16:52:06.519256200+00:00,1,0,1,0
2026-03-14T16:52:06.563798700+00:00,2,1,1,0
2026-03-14T16:52:06.608472600+00:00,1,0,1,0
2026-03-14T16:52:35.920901600+00:00,64,46,18,0
2026-03-14T16:52:35.964491700+00:00,64,45,19,0
2026-03-14T16:52:36.011352400+00:00,64,1,63,0
2026-03-14T16:52:36.058241+00:00,64,0,64,0
2026-03-14T16:52:36.120383400+00:00,64,1,63,0
2026-03-14T16:52:36.167613100+00:00,64,0,64,0
2026-03-14T16:52:36.214498300+00:00,64,0,64,0
2026-03-14T16:52:36.261738400+00:00,64,1,40,23
2026-03-14T16:52:36.309408200+00:00,64,0,1,63
2026-03-14T16:52:36.357251600+00:00,13,1,1,11
2026-03-14T16:52:36.416609800+00:00,2,0,1,1
2026-03-14T16:52:36.463387400+00:00,1,1,0,0
2026-03-14T16:52:36.509470+00:00,1,0,1,0
2026-03-14T16:52:36.572480+00:00,2,1,1,0
2026-03-14T16:52:36.618521100+00:00,2,0,1,1
2026-03-14T16:52:36.664947800+00:00,2,1,1,0
2026-03-14T16:53:15.965522600+00:00,64,47,17,0
2026-03-14T16:53:16.012156400+00:00,64,45,19,0
2026-03-14T16:53:16.059400200+00:00,64,0,64,0
2026-03-14T16:53:16.121686900+00:00,64,1,63,0
2026-03-14T16:53:16.168979+00:00,64,0,64,0
2026-03-14T16:53:16.215255600+00:00,64,1,63,0
2026-03-14T16:53:16.260837100+00:00,64,0,64,0
2026-03-14T16:53:16.308447700+00:00,64,1,63,0
2026-03-14T16:53:16.371223400+00:00,64,0,64,0
2026-03-14T16:53:16.417372300+00:00,13,1,10,2
2026-03-14T16:53:16.463308+00:00,1,0,0,1
2026-03-14T16:53:16.510439200+00:00,1,0,1,0
2026-03-14T16:53:16.557463500+00:00,2,1,1,0
2026-03-14T16:53:16.621024700+00:00,1,0,1,0
2026-03-14T16:53:16.667381700+00:00,3,1,1,1
2026-03-14T16:53:16.760747100+00:00,2,1,1,0
2026-03-14T16:53:20.967831200+00:00,1,0,1,0
2026-03-14T16:53:21.015687800+00:00,64,39,25,0
2026-03-14T16:53:21.061852+00:00,64,0,43,21
2026-03-14T16:53:21.108181700+00:00,1,0,1,0
2026-03-14T16:53:21.156279400+00:00,2,1,0,1
2026-03-14T16:53:21.219982600+00:00,1,0,1,0
2026-03-14T16:53:21.264968400+00:00,2,1,1,0
2026-03-14T16:53:21.312471100+00:00,1,0,1,0
2026-03-14T16:53:21.358423500+00:00,3,1,1,1
2026-03-14T16:53:21.469161700+00:00,2,1,1,0
2026-03-14T16:53:21.515823300+00:00,1,0,1,0
2026-03-14T16:53:21.561900+00:00,3,1,1,1
2026-03-14T16:53:21.609012900+00:00,1,0,1,0
2026-03-14T16:53:21.671670300+00:00,2,1,1,0
2026-03-14T16:53:21.765402400+00:00,2,0,1,1
2026-03-14T16:53:46.020792900+00:00,64,47,17,0
2026-03-14T16:53:46.067761800+00:00,64,45,19,0
2026-03-14T16:53:46.116079300+00:00,64,0,64,0
2026-03-14T16:53:46.163839800+00:00,64,1,63,0
2026-03-14T16:53:46.209093800+00:00,64,0,64,0
2026-03-14T16:53:46.271611700+00:00,64,1,63,0
2026-03-14T16:53:46.318998100+00:00,64,0,44,20
2026-03-14T16:53:46.366369900+00:00,64,1,0,63
2026-03-14T16:53:46.412793900+00:00,36,0,1,35
2026-03-14T16:53:46.459679600+00:00,2,1,1,0
2026-03-14T16:53:46.506502100+00:00,1,0,1,0
2026-03-14T16:53:46.569903300+00:00,3,1,1,1
2026-03-14T16:53:46.665196600+00:00,1,0,1,0
2026-03-14T16:53:46.711723600+00:00,2,1,1,0
2026-03-14T16:53:46.758370+00:00,2,0,1,1
2026-03-14T16:53:46.819047700+00:00,2,1,1,0
2026-03-14T16:54:40.850023100+00:00,2,0,1,1
2026-03-14T16:54:40.897351300+00:00,64,1,63,0
2026-03-14T16:54:40.943141900+00:00,64,0,18,46
2026-03-14T16:54:41.006269+00:00,23,0,1,22
2026-03-14T16:54:41.051439+00:00,1,0,1,0
2026-03-14T16:54:41.144912100+00:00,2,0,1,1
2026-03-14T16:54:41.192115+00:00,2,0,1,1
2026-03-14T16:54:41.253554200+00:00,2,0,1,1
2026-03-14T16:54:41.300325100+00:00,1,0,1,0
2026-03-14T16:54:41.347845600+00:00,1,0,0,1
2026-03-14T16:54:41.394160100+00:00,2,0,1,1
2026-03-14T16:54:41.455864400+00:00,2,0,1,1
2026-03-14T16:54:41.501224700+00:00,1,0,1,0
2026-03-14T16:54:41.548647300+00:00,2,0,1,1
2026-03-14T16:54:41.595143700+00:00,1,0,0,1
2026-03-14T16:54:41.641985600+00:00,1,0,1,0
2026-03-14T16:54:45.851129400+00:00,2,0,1,1
2026-03-14T16:54:45.898613200+00:00,64,0,64,0
2026-03-14T16:54:45.944705200+00:00,64,0,4,60
2026-03-14T16:54:45.990798900+00:00,1,0,1,0
2026-03-14T16:54:46.053555400+00:00,3,0,1,2
2026-03-14T16:54:46.147276+00:00,2,0,1,1
2026-03-14T16:54:46.193369900+00:00,1,0,1,0
2026-03-14T16:54:46.240426100+00:00,1,0,1,0
2026-03-14T16:54:46.302145+00:00,3,0,1,2
2026-03-14T16:54:46.396378800+00:00,2,0,1,1
2026-03-14T16:54:46.444153700+00:00,1,0,1,0
2026-03-14T16:54:46.490933500+00:00,3,0,1,2
2026-03-14T16:54:46.554551500+00:00,1,0,1,0
2026-03-14T16:54:46.601452+00:00,1,0,0,1
2026-03-14T16:54:46.646930700+00:00,1,0,1,0
2026-03-14T16:54:50.851811500+00:00,3,0,1,2
2026-03-14T16:54:50.897084700+00:00,64,0,64,0
2026-03-14T16:54:50.944715900+00:00,63,0,4,59
2026-03-14T16:54:51.004069900+00:00,2,0,1,1
2026-03-14T16:54:51.051940600+00:00,1,0,1,0
2026-03-14T16:54:51.097670+00:00,1,0,0,1
2026-03-14T16:54:51.144640400+00:00,2,0,1,1
2026-03-14T16:54:51.190752100+00:00,2,0,1,1
2026-03-14T16:54:51.253853+00:00,1,0,1,0
2026-03-14T16:54:51.301223700+00:00,2,0,1,1
2026-03-14T16:54:51.347015600+00:00,1,0,0,1
2026-03-14T16:54:51.394028900+00:00,2,0,1,1
2026-03-14T16:54:51.440577100+00:00,1,0,1,0
2026-03-14T16:54:51.502331200+00:00,2,0,1,1
2026-03-14T16:54:51.549279900+00:00,2,0,1,1
2026-03-14T16:54:51.643062100+00:00,2,0,1,1
2026-03-14T16:54:55.851540700+00:00,1,0,1,0
2026-03-14T16:54:55.897910200+00:00,64,0,64,0
2026-03-14T16:54:55.945800500+00:00,64,0,4,60
2026-03-14T16:54:55.992529100+00:00,2,0,1,1
2026-03-14T16:54:56.053781600+00:00,2,0,1,1
2026-03-14T16:54:56.100848+00:00,1,0,0,1
2026-03-14T16:54:56.147275800+00:00,1,0,1,0
2026-03-14T16:54:56.194138700+00:00,1,0,1,0
2026-03-14T16:54:56.240697500+00:00,3,0,1,2
2026-03-14T16:54:56.303669900+00:00,1,0,1,0
2026-03-14T16:54:56.349414+00:00,1,0,0,1
2026-03-14T16:54:56.396796200+00:00,1,0,1,0
2026-03-14T16:54:56.444258400+00:00,3,0,1,2
2026-03-14T16:54:56.490224+00:00,1,0,1,0
2026-03-14T16:54:56.554033500+00:00,2,0,1,1
2026-03-14T16:54:56.647117100+00:00,3,0,1,2
2026-03-14T16:55:00.850984200+00:00,1,0,1,0
2026-03-14T16:55:00.902416100+00:00,64,0,64,0
2026-03-14T16:55:00.947149800+00:00,64,0,4,60
2026-03-14T16:55:01.051666600+00:00,2,0,1,1
2026-03-14T16:55:01.098859800+00:00,1,0,1,0
2026-03-14T16:55:01.144334300+00:00,3,0,1,2
2026-03-14T16:55:01.204957300+00:00,1,0,1,0
2026-03-14T16:55:01.250749+00:00,2,0,1,1
2026-03-14T16:55:01.346633100+00:00,2,0,1,1
2026-03-14T16:55:01.391787+00:00,2,0,1,1
2026-03-14T16:55:01.454566400+00:00,1,0,1,0
2026-03-14T16:55:01.500169700+00:00,2,0,1,1
2026-03-14T16:55:01.549934300+00:00,1,0,0,1
2026-03-14T16:55:01.594296100+00:00,2,0,1,1
2026-03-14T16:55:01.641450200+00:00,1,0,1,0
2026-03-14T16:55:05.854688400+00:00,2,0,1,1
2026-03-14T16:55:05.904744700+00:00,64,0,64,0
2026-03-14T16:55:05.947994100+00:00,64,0,4,60
2026-03-14T16:55:05.994033100+00:00,1,0,1,0
2026-03-14T16:55:06.042909800+00:00,1,0,0,1
2026-03-14T16:55:06.102674900+00:00,2,0,1,1
2026-03-14T16:55:06.150355300+00:00,1,0,1,0
2026-03-14T16:55:06.196386300+00:00,2,0,1,1
2026-03-14T16:55:06.242036800+00:00,2,0,1,1
2026-03-14T16:55:06.303719200+00:00,2,0,1,1
2026-03-14T16:55:06.397693300+00:00,2,0,1,1
2026-03-14T16:55:06.444955900+00:00,2,0,1,1
2026-03-14T16:55:06.491810500+00:00,2,0,1,1
2026-03-14T16:55:06.555322300+00:00,1,0,1,0
2026-03-14T16:55:06.600642600+00:00,2,0,0,2
2026-03-14T16:55:06.647904300+00:00,1,0,1,0
2026-03-14T17:10:38.662206100+00:00,64,0,64,0
2026-03-14T17:10:38.731452400+00:00,64,0,64,0
2026-03-14T17:10:38.766394500+00:00,64,0,64,0
2026-03-14T17:10:38.809824700+00:00,64,0,64,0
2026-03-14T17:10:38.870453200+00:00,64,0,64,0
2026-03-14T17:10:38.915601500+00:00,64,0,14,50
2026-03-14T17:10:38.961179300+00:00,64,0,1,63
2026-03-14T17:10:39.007597900+00:00,64,0,1,63
2026-03-14T17:10:39.068912300+00:00,64,0,1,63
2026-03-14T17:10:39.114759700+00:00,12,0,0,12
2026-03-14T17:10:39.161343900+00:00,3,0,1,2
2026-03-14T17:10:39.209764900+00:00,1,0,1,0
2026-03-14T17:10:39.256062800+00:00,1,0,1,0
2026-03-14T17:10:39.302875800+00:00,1,0,0,1
2026-03-14T17:10:39.370676700+00:00,2,0,1,1
2026-03-14T17:10:39.411718200+00:00,2,0,1,1
2026-03-14T17:11:13.707359900+00:00,64,0,64,0
2026-03-14T17:11:13.755555500+00:00,64,0,64,0
2026-03-14T17:11:13.815892700+00:00,64,0,64,0
2026-03-14T17:11:13.861481400+00:00,64,0,64,0
2026-03-14T17:11:13.908713400+00:00,64,0,10,54
2026-03-14T17:11:13.954841600+00:00,64,0,1,63
2026-03-14T17:11:14.017680800+00:00,64,0,1,63
2026-03-14T17:11:14.061914+00:00,64,0,1,63
2026-03-14T17:11:14.109071900+00:00,64,0,1,63
2026-03-14T17:11:14.155911600+00:00,13,0,1,12
2026-03-14T17:11:14.266426100+00:00,2,0,1,1
2026-03-14T17:11:14.311741700+00:00,2,0,1,1
2026-03-14T17:11:14.358554400+00:00,2,0,1,1
2026-03-14T17:11:14.405729900+00:00,1,0,1,0
2026-03-14T17:11:14.453323+00:00,2,0,1,1
2026-03-14T17:11:48.755008900+00:00,64,0,64,0
2026-03-14T17:11:48.817193300+00:00,64,0,64,0
2026-03-14T17:11:48.864681100+00:00,64,0,64,0
2026-03-14T17:11:48.911272600+00:00,64,0,64,0
2026-03-14T17:11:48.957686800+00:00,64,0,3,61
2026-03-14T17:11:49.005508300+00:00,64,0,1,63
2026-03-14T17:11:49.068360200+00:00,64,0,1,63
2026-03-14T17:11:49.114590200+00:00,64,0,1,63
2026-03-14T17:11:49.160987700+00:00,64,0,0,64
2026-03-14T17:11:49.208516800+00:00,12,0,1,11
2026-03-14T17:11:49.254977600+00:00,2,0,1,1
2026-03-14T17:11:49.316310900+00:00,1,0,1,0
2026-03-14T17:11:49.362857900+00:00,2,0,1,1
2026-03-14T17:11:49.409186800+00:00,2,0,1,1
2026-03-14T17:11:49.455644600+00:00,1,0,0,1
