ts,batch_size,avg_queue_ms,max_queue_ms,fill_pct,event
2025-09-06T03:34:51.823085+00:00,1,50.000,50.000,0.0,missed_init_or_timeout
2025-09-06T03:34:51.871905+00:00,2,49.500,50.000,0.0,missed_init_or_timeout
2025-09-06T03:34:51.919507+00:00,1,50.000,50.000,0.0,missed_init_or_timeout
2025-09-06T03:34:51.970877+00:00,3,49.000,49.000,0.0,missed_init_or_timeout
2025-09-06T03:34:52.020064+00:00,1,51.000,51.000,0.0,missed_init_or_timeout
2025-09-06T03:34:52.071127+00:00,2,50.000,50.000,0.0,missed_init_or_timeout
2025-09-06T03:34:52.119104+00:00,1,49.000,49.000,0.0,missed_init_or_timeout
2025-09-06T03:34:52.171787+00:00,3,51.000,51.000,0.0,missed_init_or_timeout
2025-09-06T03:34:52.219333+00:00,1,49.000,49.000,0.0,missed_init_or_timeout
2025-09-06T03:34:52.270501+00:00,2,51.000,51.000,0.0,missed_init_or_timeout
2025-09-06T03:34:52.321370+00:00,1,50.000,50.000,0.0,missed_init_or_timeout
2025-09-06T03:34:52.373072+00:00,3,49.333,50.000,0.0,missed_init_or_timeout
2025-09-06T03:34:52.420222+00:00,1,50.000,50.000,0.0,missed_init_or_timeout
2025-09-06T03:34:52.471126+00:00,2,50.000,50.000,0.0,missed_init_or_timeout
2025-09-06T03:34:52.519604+00:00,1,50.000,50.000,0.0,missed_init_or_timeout
2025-09-06T03:34:52.571446+00:00,3,49.000,49.000,0.0,missed_init_or_timeout
2025-09-06T03:34:52.620867+00:00,1,51.000,51.000,0.0,missed_init_or_timeout
2025-09-06T03:34:52.669805+00:00,2,49.000,49.000,0.0,missed_init_or_timeout
2025-09-06T03:34:52.720035+00:00,1,51.000,51.000,0.0,missed_init_or_timeout
2025-09-06T03:34:52.771181+00:00,3,50.000,50.000,0.0,missed_init_or_timeout
2025-09-06T03:34:52.820156+00:00,1,50.000,50.000,0.0,missed_init_or_timeout
2025-09-06T03:34:52.871192+00:00,2,50.000,50.000,0.0,missed_init_or_timeout
2025-09-06T03:34:52.919196+00:00,1,50.000,50.000,0.0,missed_init_or_timeout
2025-09-06T03:34:52.971127+00:00,3,50.000,50.000,0.0,missed_init_or_timeout
2025-09-06T03:34:53.019402+00:00,1,50.000,50.000,0.0,missed_init_or_timeout
2025-09-06T03:34:53.072152+00:00,2,50.000,50.000,0.0,missed_init_or_timeout
2025-09-06T03:34:53.120151+00:00,1,50.000,50.000,0.0,missed_init_or_timeout
2025-09-06T03:34:53.171264+00:00,3,50.000,50.000,0.0,missed_init_or_timeout
2025-09-06T03:34:53.219802+00:00,1,50.000,50.000,0.0,missed_init_or_timeout
2025-09-06T03:34:53.269589+00:00,2,49.000,49.000,0.0,missed_init_or_timeout
2025-09-06T03:34:53.320242+00:00,1,50.000,50.000,0.0,missed_init_or_timeout
2025-09-06T03:34:53.372785+00:00,3,50.000,50.000,0.0,missed_init_or_timeout
2025-09-06T03:34:53.420087+00:00,1,50.000,50.000,0.0,missed_init_or_timeout
2025-09-06T03:34:53.470620+00:00,2,50.000,50.000,0.0,missed_init_or_timeout
2025-09-06T03:34:53.518908+00:00,1,49.000,49.000,0.0,missed_init_or_timeout
2025-09-06T03:34:53.572037+00:00,3,50.000,50.000,0.0,missed_init_or_timeout
2025-09-06T03:34:53.620111+00:00,1,50.000,50.000,0.0,missed_init_or_timeout
2025-09-06T03:34:53.672315+00:00,2,50.000,50.000,0.0,missed_init_or_timeout
2025-09-06T03:34:53.719862+00:00,1,49.000,49.000,0.0,missed_init_or_timeout
2025-09-06T03:34:53.770784+00:00,3,50.333,51.000,0.0,missed_init_or_timeout
2025-09-06T03:34:53.818845+00:00,1,49.000,49.000,0.0,missed_init_or_timeout
2025-09-06T03:34:53.870206+00:00,2,51.000,51.000,0.0,missed_init_or_timeout
2025-09-06T03:34:53.920418+00:00,1,50.000,50.000,0.0,missed_init_or_timeout
2025-09-06T03:34:53.971771+00:00,3,49.333,50.000,0.0,missed_init_or_timeout
2025-09-06T03:34:54.020438+00:00,1,50.000,50.000,0.0,missed_init_or_timeout
2025-09-06T03:34:54.072457+00:00,2,49.000,49.000,0.0,missed_init_or_timeout
2025-09-06T03:34:54.119602+00:00,1,50.000,50.000,0.0,missed_init_or_timeout
2025-09-06T03:34:54.171241+00:00,3,49.333,50.000,0.0,missed_init_or_timeout
2025-09-06T03:34:54.220137+00:00,1,50.000,50.000,0.0,missed_init_or_timeout
2025-09-06T03:34:54.269691+00:00,2,50.000,50.000,0.0,missed_init_or_timeout
2025-09-06T03:34:54.318908+00:00,1,50.000,50.000,0.0,missed_init_or_timeout
2025-09-06T03:34:54.371635+00:00,3,51.000,51.000,0.0,missed_init_or_timeout
2025-09-06T03:34:54.419273+00:00,1,49.000,49.000,0.0,missed_init_or_timeout
2025-09-06T03:34:54.470175+00:00,2,49.000,49.000,0.0,missed_init_or_timeout
2025-09-06T03:34:54.519615+00:00,1,51.000,51.000,0.0,missed_init_or_timeout
2025-09-06T03:34:54.571025+00:00,3,49.000,49.000,0.0,missed_init_or_timeout
2025-09-06T03:34:54.618996+00:00,1,50.000,50.000,0.0,missed_init_or_timeout
2025-09-06T03:34:54.670511+00:00,2,50.500,51.000,0.0,missed_init_or_timeout
2025-09-06T03:34:54.689658+00:00,1,49.000,49.000,0.0,ok
2025-09-06T03:34:54.740030+00:00,3,50.667,51.000,0.0,ok
2025-09-06T03:34:54.787488+00:00,1,49.000,49.000,0.0,ok
2025-09-06T03:34:54.838172+00:00,2,49.500,50.000,0.0,ok
2025-09-06T03:34:54.887571+00:00,1,50.000,50.000,0.0,ok
2025-09-06T03:34:54.938823+00:00,3,49.333,50.000,0.0,ok
2025-09-06T03:34:54.987574+00:00,1,50.000,50.000,0.0,ok
2025-09-06T03:34:55.038441+00:00,2,50.500,51.000,0.0,ok
2025-09-06T03:34:55.087867+00:00,1,50.000,50.000,0.0,ok
2025-09-06T03:34:55.138810+00:00,3,49.000,49.000,0.0,ok
2025-09-06T03:34:55.187773+00:00,1,51.000,51.000,0.0,ok
2025-09-06T03:34:55.238793+00:00,2,50.000,50.000,0.0,ok
2025-09-06T03:34:55.287701+00:00,1,49.000,49.000,0.0,ok
2025-09-06T03:34:55.339420+00:00,3,50.000,50.000,0.0,ok
2025-09-06T03:34:55.386625+00:00,1,49.000,49.000,0.0,ok
2025-09-06T03:34:55.438419+00:00,2,50.000,50.000,0.0,ok
2025-09-06T03:34:55.487780+00:00,1,50.000,50.000,0.0,ok
2025-09-06T03:34:55.539225+00:00,3,49.000,49.000,0.0,ok
2025-09-06T03:34:55.588150+00:00,1,50.000,50.000,0.0,ok
2025-09-06T03:34:55.638264+00:00,2,49.000,49.000,0.0,ok
2025-09-06T03:34:55.687764+00:00,1,51.000,51.000,0.0,ok
2025-09-06T03:34:55.739330+00:00,3,50.000,50.000,0.0,ok
2025-09-06T03:34:55.787768+00:00,1,50.000,50.000,0.0,ok
2025-09-06T03:34:55.838045+00:00,2,49.000,49.000,0.0,ok
2025-09-06T03:34:55.887368+00:00,1,50.000,50.000,0.0,ok
2025-09-06T03:34:55.939149+00:00,3,49.667,50.000,0.0,ok
2025-09-06T03:34:55.987748+00:00,1,51.000,51.000,0.0,ok
2025-09-06T03:34:56.037690+00:00,2,49.000,49.000,0.0,ok
2025-09-06T03:34:56.087049+00:00,1,50.000,50.000,0.0,ok
2025-09-06T03:34:56.139694+00:00,3,51.000,51.000,0.0,ok
2025-09-06T03:34:56.187879+00:00,1,50.000,50.000,0.0,ok
2025-09-06T03:34:56.269956+00:00,2,49.000,49.000,0.0,missed_init_or_timeout
2025-09-06T03:34:56.319658+00:00,1,50.000,50.000,0.0,missed_init_or_timeout
2025-09-06T03:34:56.371458+00:00,3,49.333,50.000,0.0,missed_init_or_timeout
2025-09-06T03:34:56.419554+00:00,1,50.000,50.000,0.0,missed_init_or_timeout
2025-09-06T03:34:56.469694+00:00,2,49.000,49.000,0.0,missed_init_or_timeout
2025-09-06T03:34:56.519487+00:00,1,51.000,51.000,0.0,missed_init_or_timeout
2025-09-06T03:34:56.571629+00:00,3,49.000,49.000,0.0,missed_init_or_timeout
2025-09-06T03:34:56.620099+00:00,1,50.000,50.000,0.0,missed_init_or_timeout
2025-09-06T03:34:56.670061+00:00,2,50.500,51.000,0.0,missed_init_or_timeout
2025-09-06T03:34:56.719625+00:00,1,49.000,49.000,0.0,missed_init_or_timeout
2025-09-06T03:34:56.770929+00:00,3,49.667,50.000,0.0,missed_init_or_timeout
2025-09-06T03:34:56.819385+00:00,1,51.000,51.000,0.0,missed_init_or_timeout
2025-09-06T03:34:56.870772+00:00,2,49.000,49.000,0.0,missed_init_or_timeout
2025-09-06T03:34:56.919563+00:00,1,50.000,50.000,0.0,missed_init_or_timeout
2025-09-06T03:34:56.970950+00:00,3,49.000,49.000,0.0,missed_init_or_timeout
2025-09-06T03:34:57.019803+00:00,1,50.000,50.000,0.0,missed_init_or_timeout
2025-09-06T03:34:57.070409+00:00,2,50.000,50.000,0.0,missed_init_or_timeout
2025-09-06T03:34:57.119350+00:00,1,49.000,49.000,0.0,missed_init_or_timeout
2025-09-06T03:34:57.171742+00:00,3,49.667,50.000,0.0,missed_init_or_timeout
2025-09-06T03:34:57.219236+00:00,1,51.000,51.000,0.0,missed_init_or_timeout
2025-09-06T03:34:57.271408+00:00,2,50.000,50.000,0.0,missed_init_or_timeout
2025-09-06T03:34:57.319219+00:00,1,49.000,49.000,0.0,missed_init_or_timeout
2025-09-06T03:34:57.371460+00:00,3,50.000,50.000,0.0,missed_init_or_timeout
2025-09-06T03:34:57.418526+00:00,1,50.000,50.000,0.0,missed_init_or_timeout
2025-09-06T03:34:57.473833+00:00,2,50.000,50.000,0.0,missed_init_or_timeout
2025-09-06T03:34:57.519223+00:00,1,51.000,51.000,0.0,missed_init_or_timeout
2025-09-06T03:34:57.572151+00:00,3,50.000,50.000,0.0,missed_init_or_timeout
2025-09-06T03:34:57.619604+00:00,1,49.000,49.000,0.0,missed_init_or_timeout
2025-09-06T03:34:57.669973+00:00,2,50.000,50.000,0.0,missed_init_or_timeout
2025-09-06T03:34:57.719166+00:00,1,50.000,50.000,0.0,missed_init_or_timeout
2025-09-06T03:34:57.772588+00:00,3,50.667,51.000,0.0,missed_init_or_timeout
2025-09-06T03:34:57.818550+00:00,1,49.000,49.000,0.0,missed_init_or_timeout
2025-09-06T03:34:57.869246+00:00,2,50.000,50.000,0.0,missed_init_or_timeout
2025-09-06T03:34:57.917819+00:00,1,49.000,49.000,0.0,missed_init_or_timeout
2025-09-06T03:34:57.970732+00:00,3,51.333,52.000,0.0,missed_init_or_timeout
2025-09-06T03:34:58.019505+00:00,1,49.000,49.000,0.0,missed_init_or_timeout
2025-09-06T03:34:58.070411+00:00,2,49.000,49.000,0.0,missed_init_or_timeout
2025-09-06T03:34:58.118355+00:00,1,49.000,49.000,0.0,missed_init_or_timeout
2025-09-06T03:34:58.171128+00:00,3,50.333,51.000,0.0,missed_init_or_timeout
2025-09-06T03:34:58.220336+00:00,1,51.000,51.000,0.0,missed_init_or_timeout
2025-09-06T03:34:58.269369+00:00,2,49.000,49.000,0.0,missed_init_or_timeout
2025-09-06T03:34:58.320012+00:00,1,50.000,50.000,0.0,missed_init_or_timeout
2025-09-06T03:34:58.371372+00:00,3,51.000,51.000,0.0,missed_init_or_timeout
2025-09-06T03:34:58.419254+00:00,1,49.000,49.000,0.0,missed_init_or_timeout
2025-09-06T03:34:58.470097+00:00,2,50.000,50.000,0.0,missed_init_or_timeout
2025-09-06T03:34:58.519526+00:00,1,50.000,50.000,0.0,missed_init_or_timeout
2025-09-06T03:34:58.571345+00:00,3,49.000,49.000,0.0,missed_init_or_timeout
2025-09-06T03:34:58.618492+00:00,1,49.000,49.000,0.0,missed_init_or_timeout
2025-09-06T03:34:58.669560+00:00,2,50.500,51.000,0.0,missed_init_or_timeout
2025-09-06T03:34:58.719700+00:00,1,50.000,50.000,0.0,missed_init_or_timeout
2025-09-06T03:34:58.771384+00:00,3,49.333,50.000,0.0,missed_init_or_timeout
2025-09-06T03:34:58.819552+00:00,1,49.000,49.000,0.0,missed_init_or_timeout
2025-09-06T03:34:58.870345+00:00,2,49.000,49.000,0.0,missed_init_or_timeout
2025-09-06T03:34:58.919056+00:00,1,50.000,50.000,0.0,missed_init_or_timeout
2025-09-06T03:34:58.971259+00:00,3,51.000,51.000,0.0,missed_init_or_timeout
2025-09-06T03:34:59.018164+00:00,1,49.000,49.000,0.0,missed_init_or_timeout
2025-09-06T03:34:59.069217+00:00,2,49.000,49.000,0.0,missed_init_or_timeout
2025-09-06T03:34:59.118576+00:00,1,51.000,51.000,0.0,missed_init_or_timeout
2025-09-06T03:34:59.170998+00:00,3,50.000,50.000,0.0,missed_init_or_timeout
2025-09-06T03:34:59.195137+00:00,1,51.000,51.000,0.0,ok
2025-09-06T03:34:59.238798+00:00,2,50.000,50.000,0.0,ok
2025-09-06T03:34:59.286247+00:00,1,48.000,48.000,0.0,ok
2025-09-06T03:34:59.338709+00:00,3,51.000,51.000,0.0,ok
2025-09-06T03:34:59.387599+00:00,1,50.000,50.000,0.0,ok
2025-09-06T03:34:59.438534+00:00,2,51.000,51.000,0.0,ok
2025-09-06T03:34:59.486974+00:00,1,49.000,49.000,0.0,ok
2025-09-06T03:34:59.539963+00:00,3,51.000,51.000,0.0,ok
2025-09-06T03:34:59.586614+00:00,1,48.000,48.000,0.0,ok
2025-09-06T03:34:59.638582+00:00,2,51.000,51.000,0.0,ok
2025-09-06T03:34:59.687196+00:00,1,49.000,49.000,0.0,ok
2025-09-06T03:34:59.739119+00:00,3,50.000,50.000,0.0,ok
2025-09-06T03:34:59.787360+00:00,1,50.000,50.000,0.0,ok
2025-09-06T03:34:59.838365+00:00,2,50.000,50.000,0.0,ok
2025-09-06T03:34:59.886612+00:00,1,48.000,48.000,0.0,ok
2025-09-06T03:34:59.938165+00:00,3,49.000,49.000,0.0,ok
2025-09-06T03:34:59.987252+00:00,1,51.000,51.000,0.0,ok
2025-09-06T03:35:00.038686+00:00,2,51.000,51.000,0.0,ok
2025-09-06T03:35:00.086334+00:00,1,48.000,48.000,0.0,ok
2025-09-06T03:35:00.138908+00:00,3,51.000,51.000,0.0,ok
2025-09-06T03:35:00.186366+00:00,1,49.000,49.000,0.0,ok
2025-09-06T03:35:00.238280+00:00,2,50.500,51.000,0.0,ok
2025-09-06T03:35:00.287347+00:00,1,49.000,49.000,0.0,ok
2025-09-06T03:35:00.338294+00:00,3,48.667,49.000,0.0,ok
2025-09-06T03:35:00.387333+00:00,1,50.000,50.000,0.0,ok
2025-09-06T03:35:00.438212+00:00,2,50.000,50.000,0.0,ok
2025-09-06T03:35:00.487305+00:00,1,50.000,50.000,0.0,ok
2025-09-06T03:35:00.539544+00:00,3,50.333,51.000,0.0,ok
2025-09-06T03:35:00.587693+00:00,1,50.000,50.000,0.0,ok
2025-09-06T03:35:00.637510+00:00,2,49.000,49.000,0.0,ok
2025-09-06T03:35:00.687593+00:00,1,50.000,50.000,0.0,ok
2025-09-06T03:35:00.771224+00:00,3,49.333,50.000,0.0,missed_init_or_timeout
2025-09-06T03:35:00.819883+00:00,1,50.000,50.000,0.0,missed_init_or_timeout
2025-09-06T03:35:00.870397+00:00,2,50.000,50.000,0.0,missed_init_or_timeout
2025-09-06T03:35:00.919767+00:00,1,50.000,50.000,0.0,missed_init_or_timeout
2025-09-06T03:35:00.971408+00:00,3,50.000,50.000,0.0,missed_init_or_timeout
2025-09-06T03:35:01.018476+00:00,1,49.000,49.000,0.0,missed_init_or_timeout
2025-09-06T03:35:01.070096+00:00,2,50.000,50.000,0.0,missed_init_or_timeout
2025-09-06T03:35:01.118359+00:00,1,49.000,49.000,0.0,missed_init_or_timeout
2025-09-06T03:35:01.171111+00:00,3,50.000,50.000,0.0,missed_init_or_timeout
2025-09-06T03:35:01.219718+00:00,1,50.000,50.000,0.0,missed_init_or_timeout
2025-09-06T03:35:01.270138+00:00,2,50.000,50.000,0.0,missed_init_or_timeout
2025-09-06T03:35:01.319392+00:00,1,49.000,49.000,0.0,missed_init_or_timeout
2025-09-06T03:35:01.370874+00:00,3,50.000,50.000,0.0,missed_init_or_timeout
2025-09-06T03:35:01.420297+00:00,1,51.000,51.000,0.0,missed_init_or_timeout
2025-09-06T03:35:01.469558+00:00,2,49.000,49.000,0.0,missed_init_or_timeout
2025-09-06T03:35:01.519306+00:00,1,50.000,50.000,0.0,missed_init_or_timeout
2025-09-06T03:35:01.570865+00:00,3,49.333,50.000,0.0,missed_init_or_timeout
2025-09-06T03:35:01.620354+00:00,1,51.000,51.000,0.0,missed_init_or_timeout
2025-09-06T03:35:01.669795+00:00,2,49.000,49.000,0.0,missed_init_or_timeout
2025-09-06T03:35:01.719997+00:00,1,51.000,51.000,0.0,missed_init_or_timeout
2025-09-06T03:35:01.775116+00:00,3,50.000,50.000,0.0,missed_init_or_timeout
2025-09-06T03:35:01.818289+00:00,1,48.000,48.000,0.0,missed_init_or_timeout
2025-09-06T03:35:01.871149+00:00,2,51.000,51.000,0.0,missed_init_or_timeout
2025-09-06T03:35:01.919454+00:00,1,50.000,50.000,0.0,missed_init_or_timeout
2025-09-06T03:35:01.971337+00:00,3,50.000,50.000,0.0,missed_init_or_timeout
2025-09-06T03:35:02.019726+00:00,1,50.000,50.000,0.0,missed_init_or_timeout
2025-09-06T03:35:02.070349+00:00,2,49.000,49.000,0.0,missed_init_or_timeout
2025-09-06T03:35:02.119586+00:00,1,49.000,49.000,0.0,missed_init_or_timeout
2025-09-06T03:35:02.171623+00:00,3,50.000,50.000,0.0,missed_init_or_timeout
2025-09-06T03:35:02.219294+00:00,1,50.000,50.000,0.0,missed_init_or_timeout
2025-09-06T03:35:02.271337+00:00,2,49.500,50.000,0.0,missed_init_or_timeout
2025-09-06T03:35:02.319464+00:00,1,50.000,50.000,0.0,missed_init_or_timeout
2025-09-06T03:35:02.371157+00:00,3,50.000,50.000,0.0,missed_init_or_timeout
2025-09-06T03:35:02.419457+00:00,1,50.000,50.000,0.0,missed_init_or_timeout
2025-09-06T03:35:02.471525+00:00,2,51.000,51.000,0.0,missed_init_or_timeout
2025-09-06T03:35:02.519374+00:00,1,49.000,49.000,0.0,missed_init_or_timeout
2025-09-06T03:35:02.571267+00:00,3,50.000,50.000,0.0,missed_init_or_timeout
2025-09-06T03:35:02.618318+00:00,1,50.000,50.000,0.0,missed_init_or_timeout
2025-09-06T03:35:02.670048+00:00,2,50.000,50.000,0.0,missed_init_or_timeout
2025-09-06T03:35:02.718855+00:00,1,49.000,49.000,0.0,missed_init_or_timeout
2025-09-06T03:35:02.771445+00:00,3,51.000,51.000,0.0,missed_init_or_timeout
2025-09-06T03:35:02.818335+00:00,1,49.000,49.000,0.0,missed_init_or_timeout
2025-09-06T03:35:02.869392+00:00,2,50.000,50.000,0.0,missed_init_or_timeout
2025-09-06T03:35:02.918513+00:00,1,50.000,50.000,0.0,missed_init_or_timeout
2025-09-06T03:35:02.970719+00:00,3,50.000,50.000,0.0,missed_init_or_timeout
2025-09-06T03:35:03.019030+00:00,1,50.000,50.000,0.0,missed_init_or_timeout
2025-09-06T03:35:03.068091+00:00,2,48.000,48.000,0.0,missed_init_or_timeout
2025-09-06T03:35:03.118353+00:00,1,50.000,50.000,0.0,missed_init_or_timeout
2025-09-06T03:35:03.171126+00:00,3,50.000,50.000,0.0,missed_init_or_timeout
2025-09-06T03:35:03.219107+00:00,1,50.000,50.000,0.0,missed_init_or_timeout
2025-09-06T03:35:03.270301+00:00,2,50.000,50.000,0.0,missed_init_or_timeout
2025-09-06T03:35:03.318618+00:00,1,49.000,49.000,0.0,missed_init_or_timeout
2025-09-06T03:35:03.372139+00:00,3,50.333,51.000,0.0,missed_init_or_timeout
2025-09-06T03:35:03.418572+00:00,1,49.000,49.000,0.0,missed_init_or_timeout
2025-09-06T03:35:03.470063+00:00,2,51.000,51.000,0.0,missed_init_or_timeout
2025-09-06T03:35:03.517863+00:00,1,49.000,49.000,0.0,missed_init_or_timeout
2025-09-06T03:35:03.572333+00:00,3,52.000,52.000,0.0,missed_init_or_timeout
2025-09-06T03:35:03.619284+00:00,1,49.000,49.000,0.0,missed_init_or_timeout
2025-09-06T03:35:03.669997+00:00,2,49.500,50.000,0.0,missed_init_or_timeout
2025-09-06T03:35:03.701824+00:00,1,49.000,49.000,0.0,ok
2025-09-06T03:35:03.738678+00:00,3,50.667,51.000,0.0,ok
2025-09-06T03:35:03.786081+00:00,1,49.000,49.000,0.0,ok
2025-09-06T03:35:03.837568+00:00,2,50.000,50.000,0.0,ok
2025-09-06T03:35:03.886966+00:00,1,50.000,50.000,0.0,ok
2025-09-06T03:35:03.938981+00:00,3,50.000,50.000,0.0,ok
2025-09-06T03:35:03.986726+00:00,1,50.000,50.000,0.0,ok
2025-09-06T03:35:04.037840+00:00,2,50.000,50.000,0.0,ok
2025-09-06T03:35:04.087078+00:00,1,50.000,50.000,0.0,ok
2025-09-06T03:35:04.138806+00:00,3,50.000,50.000,0.0,ok
2025-09-06T03:35:04.187613+00:00,1,50.000,50.000,0.0,ok
2025-09-06T03:35:04.237958+00:00,2,49.500,50.000,0.0,ok
2025-09-06T03:35:04.286826+00:00,1,50.000,50.000,0.0,ok
2025-09-06T03:35:04.338618+00:00,3,50.000,50.000,0.0,ok
2025-09-06T03:35:04.387292+00:00,1,50.000,50.000,0.0,ok
2025-09-06T03:35:04.438166+00:00,2,49.500,50.000,0.0,ok
2025-09-06T03:35:04.487392+00:00,1,50.000,50.000,0.0,ok
2025-09-06T03:35:04.539035+00:00,3,49.333,50.000,0.0,ok
2025-09-06T03:35:04.587567+00:00,1,50.000,50.000,0.0,ok
2025-09-06T03:35:04.638302+00:00,2,49.500,50.000,0.0,ok
2025-09-06T03:35:04.686517+00:00,1,49.000,49.000,0.0,ok
2025-09-06T03:35:04.738935+00:00,3,50.333,51.000,0.0,ok
2025-09-06T03:35:04.786339+00:00,1,49.000,49.000,0.0,ok
2025-09-06T03:35:04.838738+00:00,2,51.000,51.000,0.0,ok
2025-09-06T03:35:04.887192+00:00,1,49.000,49.000,0.0,ok
2025-09-06T03:35:04.938645+00:00,3,49.333,50.000,0.0,ok
2025-09-06T03:35:04.986274+00:00,1,49.000,49.000,0.0,ok
2025-09-06T03:35:05.038320+00:00,2,51.000,51.000,0.0,ok
2025-09-06T03:35:05.087543+00:00,1,50.000,50.000,0.0,ok
2025-09-06T03:35:05.139391+00:00,3,49.333,50.000,0.0,ok
2025-09-06T03:35:05.187373+00:00,1,49.000,49.000,0.0,ok
2025-09-06T03:35:05.269333+00:00,2,50.000,50.000,0.0,missed_init_or_timeout
2025-09-06T03:35:05.319341+00:00,1,50.000,50.000,0.0,missed_init_or_timeout
2025-09-06T03:35:05.371029+00:00,3,50.000,50.000,0.0,missed_init_or_timeout
2025-09-06T03:35:05.419394+00:00,1,50.000,50.000,0.0,missed_init_or_timeout
2025-09-06T03:35:05.470496+00:00,2,50.000,50.000,0.0,missed_init_or_timeout
2025-09-06T03:35:05.519540+00:00,1,50.000,50.000,0.0,missed_init_or_timeout
2025-09-06T03:35:05.571048+00:00,3,50.000,50.000,0.0,missed_init_or_timeout
2025-09-06T03:35:05.618724+00:00,1,50.000,50.000,0.0,missed_init_or_timeout
2025-09-06T03:35:05.670603+00:00,2,50.000,50.000,0.0,missed_init_or_timeout
2025-09-06T03:35:05.719346+00:00,1,50.000,50.000,0.0,missed_init_or_timeout
2025-09-06T03:35:05.771030+00:00,3,50.000,50.000,0.0,missed_init_or_timeout
2025-09-06T03:35:05.817296+00:00,1,49.000,49.000,0.0,missed_init_or_timeout
2025-09-06T03:35:05.869404+00:00,2,50.500,51.000,0.0,missed_init_or_timeout
2025-09-06T03:35:05.919352+00:00,1,50.000,50.000,0.0,missed_init_or_timeout
2025-09-06T03:35:05.970689+00:00,3,50.000,50.000,0.0,missed_init_or_timeout
2025-09-06T03:35:06.020561+00:00,1,50.000,50.000,0.0,missed_init_or_timeout
2025-09-06T03:35:06.071587+00:00,2,49.000,49.000,0.0,missed_init_or_timeout
2025-09-06T03:35:06.119513+00:00,1,49.000,49.000,0.0,missed_init_or_timeout
2025-09-06T03:35:06.171151+00:00,3,50.333,51.000,0.0,missed_init_or_timeout
2025-09-06T03:35:06.219018+00:00,1,50.000,50.000,0.0,missed_init_or_timeout
2025-09-06T03:35:06.269251+00:00,2,50.000,50.000,0.0,missed_init_or_timeout
2025-09-06T03:35:06.319630+00:00,1,50.000,50.000,0.0,missed_init_or_timeout
2025-09-06T03:35:06.371272+00:00,3,50.000,50.000,0.0,missed_init_or_timeout
2025-09-06T03:35:06.419116+00:00,1,50.000,50.000,0.0,missed_init_or_timeout
2025-09-06T03:35:06.470120+00:00,2,50.000,50.000,0.0,missed_init_or_timeout
2025-09-06T03:35:06.519313+00:00,1,50.000,50.000,0.0,missed_init_or_timeout
2025-09-06T03:35:06.570352+00:00,3,50.000,50.000,0.0,missed_init_or_timeout
2025-09-06T03:35:06.617689+00:00,1,49.000,49.000,0.0,missed_init_or_timeout
2025-09-06T03:35:06.671804+00:00,2,51.000,51.000,0.0,missed_init_or_timeout
2025-09-06T03:35:06.718105+00:00,1,48.000,48.000,0.0,missed_init_or_timeout
2025-09-06T03:35:06.771203+00:00,3,51.000,51.000,0.0,missed_init_or_timeout
2025-09-06T03:35:06.819120+00:00,1,50.000,50.000,0.0,missed_init_or_timeout
2025-09-06T03:35:06.870268+00:00,2,49.500,50.000,0.0,missed_init_or_timeout
2025-09-06T03:35:06.919940+00:00,1,50.000,50.000,0.0,missed_init_or_timeout
2025-09-06T03:35:06.969771+00:00,3,48.333,49.000,0.0,missed_init_or_timeout
2025-09-06T03:35:07.019070+00:00,1,51.000,51.000,0.0,missed_init_or_timeout
2025-09-06T03:35:07.069538+00:00,2,49.000,49.000,0.0,missed_init_or_timeout
2025-09-06T03:35:07.119736+00:00,1,51.000,51.000,0.0,missed_init_or_timeout
2025-09-06T03:35:07.170637+00:00,3,48.333,49.000,0.0,missed_init_or_timeout
2025-09-06T03:35:07.219908+00:00,1,50.000,50.000,0.0,missed_init_or_timeout
2025-09-06T03:35:07.270421+00:00,2,49.000,49.000,0.0,missed_init_or_timeout
2025-09-06T03:35:07.319788+00:00,1,50.000,50.000,0.0,missed_init_or_timeout
2025-09-06T03:35:07.369598+00:00,3,49.333,50.000,0.0,missed_init_or_timeout
2025-09-06T03:35:07.419814+00:00,1,50.000,50.000,0.0,missed_init_or_timeout
2025-09-06T03:35:07.469690+00:00,2,49.500,50.000,0.0,missed_init_or_timeout
2025-09-06T03:35:07.518064+00:00,1,49.000,49.000,0.0,missed_init_or_timeout
2025-09-06T03:35:07.570491+00:00,3,51.000,51.000,0.0,missed_init_or_timeout
2025-09-06T03:35:07.618713+00:00,1,50.000,50.000,0.0,missed_init_or_timeout
2025-09-06T03:35:07.670778+00:00,2,49.500,50.000,0.0,missed_init_or_timeout
2025-09-06T03:35:07.718388+00:00,1,48.000,48.000,0.0,missed_init_or_timeout
2025-09-06T03:35:07.771471+00:00,3,51.000,51.000,0.0,missed_init_or_timeout
2025-09-06T03:35:07.819166+00:00,1,50.000,50.000,0.0,missed_init_or_timeout
2025-09-06T03:35:07.868842+00:00,2,50.000,50.000,0.0,missed_init_or_timeout
2025-09-06T03:35:07.918778+00:00,1,49.000,49.000,0.0,missed_init_or_timeout
2025-09-06T03:35:07.971625+00:00,3,50.000,50.000,0.0,missed_init_or_timeout
2025-09-06T03:35:08.020146+00:00,1,50.000,50.000,0.0,missed_init_or_timeout
2025-09-06T03:35:08.069625+00:00,2,50.000,50.000,0.0,missed_init_or_timeout
2025-09-06T03:35:08.120466+00:00,1,50.000,50.000,0.0,missed_init_or_timeout
2025-09-06T03:35:08.170201+00:00,3,49.333,50.000,0.0,missed_init_or_timeout
2025-09-06T03:35:08.210290+00:00,1,49.000,49.000,0.0,ok
2025-09-06T03:35:08.237293+00:00,2,50.000,50.000,0.0,ok
2025-09-06T03:35:08.287586+00:00,1,51.000,51.000,0.0,ok
2025-09-06T03:35:08.338454+00:00,3,49.333,50.000,0.0,ok
2025-09-06T03:35:08.386580+00:00,1,49.000,49.000,0.0,ok
2025-09-06T03:35:08.437568+00:00,2,50.500,51.000,0.0,ok
2025-09-06T03:35:08.486718+00:00,1,49.000,49.000,0.0,ok
2025-09-06T03:35:08.539715+00:00,3,50.333,51.000,0.0,ok
2025-09-06T03:35:08.587318+00:00,1,50.000,50.000,0.0,ok
2025-09-06T03:35:08.637451+00:00,2,49.000,49.000,0.0,ok
2025-09-06T03:35:08.686010+00:00,1,50.000,50.000,0.0,ok
2025-09-06T03:35:08.738700+00:00,3,51.000,51.000,0.0,ok
2025-09-06T03:35:08.786057+00:00,1,49.000,49.000,0.0,ok
2025-09-06T03:35:08.838233+00:00,2,51.000,51.000,0.0,ok
2025-09-06T03:35:08.887571+00:00,1,50.000,50.000,0.0,ok
2025-09-06T03:35:08.938456+00:00,3,49.333,50.000,0.0,ok
2025-09-06T03:35:08.987189+00:00,1,50.000,50.000,0.0,ok
2025-09-06T03:35:09.038155+00:00,2,50.000,50.000,0.0,ok
2025-09-06T03:35:09.086511+00:00,1,49.000,49.000,0.0,ok
2025-09-06T03:35:09.138710+00:00,3,50.333,51.000,0.0,ok
2025-09-06T03:35:09.187162+00:00,1,50.000,50.000,0.0,ok
2025-09-06T03:35:09.237244+00:00,2,49.000,49.000,0.0,ok
2025-09-06T03:35:09.286506+00:00,1,50.000,50.000,0.0,ok
2025-09-06T03:35:09.338603+00:00,3,50.333,51.000,0.0,ok
2025-09-06T03:35:09.387161+00:00,1,50.000,50.000,0.0,ok
2025-09-06T03:35:09.436514+00:00,2,48.000,48.000,0.0,ok
2025-09-06T03:35:09.487101+00:00,1,51.000,51.000,0.0,ok
2025-09-06T03:35:09.538650+00:00,3,50.000,50.000,0.0,ok
2025-09-06T03:35:09.587171+00:00,1,50.000,50.000,0.0,ok
2025-09-06T03:35:09.637335+00:00,2,49.000,49.000,0.0,ok
2025-09-06T03:35:09.686627+00:00,1,50.000,50.000,0.0,ok
2025-09-06T03:35:09.769375+00:00,3,49.333,50.000,0.0,missed_init_or_timeout
2025-09-06T03:35:09.819838+00:00,1,50.000,50.000,0.0,missed_init_or_timeout
2025-09-06T03:35:09.869882+00:00,2,50.500,51.000,0.0,missed_init_or_timeout
2025-09-06T03:35:09.918629+00:00,1,50.000,50.000,0.0,missed_init_or_timeout
2025-09-06T03:35:09.970590+00:00,3,49.000,49.000,0.0,missed_init_or_timeout
2025-09-06T03:35:10.018984+00:00,1,50.000,50.000,0.0,missed_init_or_timeout
2025-09-06T03:35:10.069617+00:00,2,50.000,50.000,0.0,missed_init_or_timeout
2025-09-06T03:35:10.118457+00:00,1,49.000,49.000,0.0,missed_init_or_timeout
2025-09-06T03:35:10.170363+00:00,3,50.333,51.000,0.0,missed_init_or_timeout
2025-09-06T03:35:10.219112+00:00,1,50.000,50.000,0.0,missed_init_or_timeout
2025-09-06T03:35:10.268655+00:00,2,49.000,49.000,0.0,missed_init_or_timeout
2025-09-06T03:35:10.318614+00:00,1,50.000,50.000,0.0,missed_init_or_timeout
2025-09-06T03:35:10.369809+00:00,3,49.333,50.000,0.0,missed_init_or_timeout
2025-09-06T03:35:10.418092+00:00,1,50.000,50.000,0.0,missed_init_or_timeout
2025-09-06T03:35:10.469696+00:00,2,50.000,50.000,0.0,missed_init_or_timeout
2025-09-06T03:35:10.520183+00:00,1,49.000,49.000,0.0,missed_init_or_timeout
2025-09-06T03:35:10.571017+00:00,3,50.000,50.000,0.0,missed_init_or_timeout
2025-09-06T03:35:10.618132+00:00,1,50.000,50.000,0.0,missed_init_or_timeout
2025-09-06T03:35:10.670484+00:00,2,50.000,50.000,0.0,missed_init_or_timeout
2025-09-06T03:35:10.718503+00:00,1,50.000,50.000,0.0,missed_init_or_timeout
2025-09-06T03:35:10.771276+00:00,3,50.000,50.000,0.0,missed_init_or_timeout
2025-09-06T03:35:10.819304+00:00,1,50.000,50.000,0.0,missed_init_or_timeout
2025-09-06T03:35:10.870308+00:00,2,50.000,50.000,0.0,missed_init_or_timeout
2025-09-06T03:35:10.922752+00:00,1,50.000,50.000,0.0,missed_init_or_timeout
2025-09-06T03:35:10.993397+00:00,3,71.667,72.000,0.0,missed_init_or_timeout
2025-09-06T03:35:11.028666+00:00,3,24.667,58.000,0.0,missed_init_or_timeout
2025-09-06T03:35:11.120051+00:00,1,51.000,51.000,0.0,missed_init_or_timeout
2025-09-06T03:35:11.170612+00:00,3,49.000,49.000,0.0,missed_init_or_timeout
2025-09-06T03:35:11.217844+00:00,1,49.000,49.000,0.0,missed_init_or_timeout
2025-09-06T03:35:11.269699+00:00,2,50.500,51.000,0.0,missed_init_or_timeout
2025-09-06T03:35:11.318652+00:00,1,49.000,49.000,0.0,missed_init_or_timeout
2025-09-06T03:35:11.369955+00:00,3,49.333,50.000,0.0,missed_init_or_timeout
2025-09-06T03:35:11.417856+00:00,1,50.000,50.000,0.0,missed_init_or_timeout
2025-09-06T03:35:11.469329+00:00,2,51.000,51.000,0.0,missed_init_or_timeout
2025-09-06T03:35:11.604227+00:00,1,50.000,50.000,0.0,missed_init_or_timeout
2025-09-06T03:35:11.637378+00:00,5,71.800,119.000,0.0,missed_init_or_timeout
2025-09-06T03:35:11.719144+00:00,1,31.000,31.000,0.0,missed_init_or_timeout
2025-09-06T03:35:11.769421+00:00,3,37.333,50.000,0.0,missed_init_or_timeout
2025-09-06T03:35:11.818809+00:00,1,29.000,29.000,0.0,missed_init_or_timeout
2025-09-06T03:35:11.868468+00:00,2,29.000,29.000,0.0,missed_init_or_timeout
2025-09-06T03:35:11.920205+00:00,1,30.000,30.000,0.0,missed_init_or_timeout
2025-09-06T03:35:11.970569+00:00,3,36.667,50.000,0.0,missed_init_or_timeout
2025-09-06T03:35:12.019+00:00,1,29.000,29.000,0.0,missed_init_or_timeout
2025-09-06T03:35:12.069897+00:00,2,31.000,31.000,0.0,missed_init_or_timeout
2025-09-06T03:35:12.118874+00:00,1,30.000,30.000,0.0,missed_init_or_timeout
2025-09-06T03:35:12.170688+00:00,3,37.333,50.000,0.0,missed_init_or_timeout
2025-09-06T03:35:12.217302+00:00,1,29.000,29.000,0.0,missed_init_or_timeout
2025-09-06T03:35:12.269678+00:00,2,31.000,31.000,0.0,missed_init_or_timeout
2025-09-06T03:35:12.318530+00:00,1,30.000,30.000,0.0,missed_init_or_timeout
2025-09-06T03:35:12.370338+00:00,3,36.667,50.000,0.0,missed_init_or_timeout
2025-09-06T03:35:12.419705+00:00,1,30.000,30.000,0.0,missed_init_or_timeout
2025-09-06T03:35:12.470038+00:00,2,29.500,30.000,0.0,missed_init_or_timeout
2025-09-06T03:35:12.519209+00:00,1,30.000,30.000,0.0,missed_init_or_timeout
2025-09-06T03:35:12.570597+00:00,3,37.333,50.000,0.0,missed_init_or_timeout
2025-09-06T03:35:12.618161+00:00,1,29.000,29.000,0.0,missed_init_or_timeout
2025-09-06T03:35:12.669291+00:00,2,31.000,31.000,0.0,missed_init_or_timeout
2025-09-06T03:35:12.717389+00:00,1,30.000,30.000,0.0,ok
2025-09-06T03:35:12.737720+00:00,3,36.333,49.000,0.0,ok
2025-09-06T03:35:12.786464+00:00,1,29.000,29.000,0.0,ok
2025-09-06T03:35:12.838477+00:00,2,31.000,31.000,0.0,ok
2025-09-06T03:35:12.886257+00:00,1,30.000,30.000,0.0,ok
2025-09-06T03:35:12.937621+00:00,3,37.333,50.000,0.0,ok
2025-09-06T03:35:12.986417+00:00,1,29.000,29.000,0.0,ok
2025-09-06T03:35:13.037870+00:00,2,30.000,30.000,0.0,ok
2025-09-06T03:35:13.086460+00:00,1,29.000,29.000,0.0,ok
2025-09-06T03:35:13.138655+00:00,3,37.667,51.000,0.0,ok
2025-09-06T03:35:13.186658+00:00,1,29.000,29.000,0.0,ok
2025-09-06T03:35:13.237506+00:00,2,30.000,30.000,0.0,ok
2025-09-06T03:35:13.287093+00:00,1,30.000,30.000,0.0,ok
2025-09-06T03:35:13.338421+00:00,3,36.333,49.000,0.0,ok
2025-09-06T03:35:13.386546+00:00,1,30.000,30.000,0.0,ok
2025-09-06T03:35:13.437218+00:00,2,30.000,30.000,0.0,ok
2025-09-06T03:35:13.486562+00:00,1,29.000,29.000,0.0,ok
2025-09-06T03:35:13.538912+00:00,3,37.667,51.000,0.0,ok
2025-09-06T03:35:13.595128+00:00,1,30.000,30.000,0.0,ok
2025-09-06T03:35:13.638217+00:00,2,30.500,31.000,0.0,ok
2025-09-06T03:35:13.686443+00:00,1,30.000,30.000,0.0,ok
2025-09-06T03:35:13.738258+00:00,3,36.333,50.000,0.0,ok
2025-09-06T03:35:13.787428+00:00,1,31.000,31.000,0.0,ok
2025-09-06T03:35:13.837350+00:00,2,30.000,30.000,0.0,ok
2025-09-06T03:35:13.885350+00:00,1,28.000,28.000,0.0,ok
2025-09-06T03:35:13.937941+00:00,3,37.000,51.000,0.0,ok
2025-09-06T03:35:13.986901+00:00,1,31.000,31.000,0.0,ok
2025-09-06T03:35:14.037078+00:00,2,30.000,30.000,0.0,ok
2025-09-06T03:35:14.086514+00:00,1,30.000,30.000,0.0,ok
2025-09-06T03:35:14.138152+00:00,3,36.667,50.000,0.0,ok
2025-09-06T03:35:14.186481+00:00,1,30.000,30.000,0.0,ok
2025-09-06T03:35:14.269064+00:00,2,31.000,31.000,0.0,missed_init_or_timeout
2025-09-06T03:35:14.318544+00:00,1,30.000,30.000,0.0,missed_init_or_timeout
2025-09-06T03:35:14.370289+00:00,3,36.333,49.000,0.0,missed_init_or_timeout
2025-09-06T03:35:14.419384+00:00,1,31.000,31.000,0.0,missed_init_or_timeout
2025-09-06T03:35:14.468197+00:00,2,30.000,30.000,0.0,missed_init_or_timeout
2025-09-06T03:35:14.519009+00:00,1,29.000,29.000,0.0,missed_init_or_timeout
2025-09-06T03:35:14.570530+00:00,3,37.667,51.000,0.0,missed_init_or_timeout
2025-09-06T03:35:14.617505+00:00,1,30.000,30.000,0.0,missed_init_or_timeout
2025-09-06T03:35:14.670474+00:00,2,29.500,30.000,0.0,missed_init_or_timeout
2025-09-06T03:35:14.718447+00:00,1,29.000,29.000,0.0,missed_init_or_timeout
2025-09-06T03:35:14.770299+00:00,3,36.667,50.000,0.0,missed_init_or_timeout
2025-09-06T03:35:14.818133+00:00,1,31.000,31.000,0.0,missed_init_or_timeout
2025-09-06T03:35:14.868706+00:00,2,31.000,31.000,0.0,missed_init_or_timeout
2025-09-06T03:35:14.918577+00:00,1,30.000,30.000,0.0,missed_init_or_timeout
2025-09-06T03:35:14.970566+00:00,3,37.333,50.000,0.0,missed_init_or_timeout
2025-09-06T03:35:15.018805+00:00,1,30.000,30.000,0.0,missed_init_or_timeout
2025-09-06T03:35:15.069267+00:00,2,30.000,30.000,0.0,missed_init_or_timeout
2025-09-06T03:35:15.119438+00:00,1,30.000,30.000,0.0,missed_init_or_timeout
2025-09-06T03:35:15.170661+00:00,3,35.667,49.000,0.0,missed_init_or_timeout
2025-09-06T03:35:15.219042+00:00,1,30.000,30.000,0.0,missed_init_or_timeout
2025-09-06T03:35:15.269853+00:00,2,30.000,30.000,0.0,missed_init_or_timeout
2025-09-06T03:35:15.319055+00:00,1,31.000,31.000,0.0,missed_init_or_timeout
2025-09-06T03:35:15.370548+00:00,3,36.333,49.000,0.0,missed_init_or_timeout
2025-09-06T03:35:15.417745+00:00,1,30.000,30.000,0.0,missed_init_or_timeout
2025-09-06T03:35:15.480205+00:00,2,39.000,39.000,0.0,missed_init_or_timeout
2025-09-06T03:35:15.516650+00:00,1,23.000,23.000,0.0,missed_init_or_timeout
2025-09-06T03:35:15.568629+00:00,3,34.333,51.000,0.0,missed_init_or_timeout
2025-09-06T03:35:15.618494+00:00,1,23.000,23.000,0.0,missed_init_or_timeout
2025-09-06T03:35:15.668696+00:00,2,26.000,30.000,0.0,missed_init_or_timeout
2025-09-06T03:35:15.717998+00:00,1,23.000,23.000,0.0,missed_init_or_timeout
2025-09-06T03:35:15.768962+00:00,3,35.333,51.000,0.0,missed_init_or_timeout
2025-09-06T03:35:15.817904+00:00,1,23.000,23.000,0.0,missed_init_or_timeout
2025-09-06T03:35:15.868532+00:00,2,27.500,31.000,0.0,missed_init_or_timeout
2025-09-06T03:35:15.917734+00:00,1,22.000,22.000,0.0,missed_init_or_timeout
2025-09-06T03:35:15.969990+00:00,3,34.000,50.000,0.0,missed_init_or_timeout
2025-09-06T03:35:16.018662+00:00,1,24.000,24.000,0.0,missed_init_or_timeout
2025-09-06T03:35:16.069477+00:00,2,26.500,30.000,0.0,missed_init_or_timeout
2025-09-06T03:35:16.118295+00:00,1,22.000,22.000,0.0,missed_init_or_timeout
2025-09-06T03:35:16.169936+00:00,3,34.333,50.000,0.0,missed_init_or_timeout
2025-09-06T03:35:16.218156+00:00,1,23.000,23.000,0.0,missed_init_or_timeout
2025-09-06T03:35:16.269706+00:00,2,27.500,31.000,0.0,missed_init_or_timeout
2025-09-06T03:35:16.318279+00:00,1,22.000,22.000,0.0,missed_init_or_timeout
2025-09-06T03:35:16.369968+00:00,3,35.000,50.000,0.0,missed_init_or_timeout
2025-09-06T03:35:16.418160+00:00,1,22.000,22.000,0.0,missed_init_or_timeout
2025-09-06T03:35:16.470157+00:00,2,27.500,31.000,0.0,missed_init_or_timeout
2025-09-06T03:35:16.519395+00:00,1,23.000,23.000,0.0,missed_init_or_timeout
2025-09-06T03:35:16.569795+00:00,3,34.000,49.000,0.0,missed_init_or_timeout
2025-09-06T03:35:16.617448+00:00,1,23.000,23.000,0.0,missed_init_or_timeout
2025-09-06T03:35:16.667327+00:00,2,26.500,31.000,0.0,missed_init_or_timeout
2025-09-06T03:35:16.717909+00:00,1,22.000,22.000,0.0,missed_init_or_timeout
2025-09-06T03:35:16.769826+00:00,3,35.333,51.000,0.0,missed_init_or_timeout
2025-09-06T03:35:16.818196+00:00,1,24.000,24.000,0.0,missed_init_or_timeout
2025-09-06T03:35:16.869307+00:00,2,27.000,30.000,0.0,missed_init_or_timeout
2025-09-06T03:35:16.918678+00:00,1,22.000,22.000,0.0,missed_init_or_timeout
2025-09-06T03:35:16.970187+00:00,3,34.000,50.000,0.0,missed_init_or_timeout
2025-09-06T03:35:17.018216+00:00,1,22.000,22.000,0.0,missed_init_or_timeout
2025-09-06T03:35:17.068564+00:00,2,26.500,30.000,0.0,missed_init_or_timeout
2025-09-06T03:35:17.117762+00:00,1,22.000,22.000,0.0,missed_init_or_timeout
2025-09-06T03:35:17.169850+00:00,3,34.333,50.000,0.0,missed_init_or_timeout
2025-09-06T03:35:17.218624+00:00,1,23.000,23.000,0.0,missed_init_or_timeout
2025-09-06T03:35:17.237029+00:00,2,27.500,31.000,0.0,ok
2025-09-06T03:35:17.286237+00:00,1,23.000,23.000,0.0,ok
2025-09-06T03:35:17.337900+00:00,3,34.333,50.000,0.0,ok
2025-09-06T03:35:17.386251+00:00,1,24.000,24.000,0.0,ok
2025-09-06T03:35:17.436558+00:00,2,25.500,29.000,0.0,ok
2025-09-06T03:35:17.486632+00:00,1,23.000,23.000,0.0,ok
2025-09-06T03:35:17.538296+00:00,3,34.333,50.000,0.0,ok
2025-09-06T03:35:17.585705+00:00,1,22.000,22.000,0.0,ok
2025-09-06T03:35:17.637274+00:00,2,26.500,30.000,0.0,ok
2025-09-06T03:35:17.685395+00:00,1,22.000,22.000,0.0,ok
2025-09-06T03:35:17.738448+00:00,3,35.667,52.000,0.0,ok
2025-09-06T03:35:17.785929+00:00,1,23.000,23.000,0.0,ok
2025-09-06T03:35:17.837286+00:00,2,26.500,30.000,0.0,ok
2025-09-06T03:35:17.886403+00:00,1,24.000,24.000,0.0,ok
2025-09-06T03:35:17.937903+00:00,3,35.000,50.000,0.0,ok
2025-09-06T03:35:17.986768+00:00,1,23.000,23.000,0.0,ok
2025-09-06T03:35:18.037095+00:00,2,26.500,30.000,0.0,ok
2025-09-06T03:35:18.085848+00:00,1,23.000,23.000,0.0,ok
2025-09-06T03:35:18.137982+00:00,3,34.333,50.000,0.0,ok
2025-09-06T03:35:18.186204+00:00,1,23.000,23.000,0.0,ok
2025-09-06T03:35:18.236631+00:00,2,27.000,30.000,0.0,ok
2025-09-06T03:35:18.286554+00:00,1,23.000,23.000,0.0,ok
2025-09-06T03:35:18.337842+00:00,3,34.333,50.000,0.0,ok
2025-09-06T03:35:18.386504+00:00,1,23.000,23.000,0.0,ok
2025-09-06T03:35:18.437770+00:00,2,27.000,31.000,0.0,ok
2025-09-06T03:35:18.486970+00:00,1,24.000,24.000,0.0,ok
2025-09-06T03:35:18.538121+00:00,3,34.000,49.000,0.0,ok
2025-09-06T03:35:18.586552+00:00,1,23.000,23.000,0.0,ok
2025-09-06T03:35:18.637884+00:00,2,27.500,31.000,0.0,ok
2025-09-06T03:35:18.686476+00:00,1,23.000,23.000,0.0,ok
2025-09-06T03:35:18.770065+00:00,3,34.333,50.000,0.0,missed_init_or_timeout
2025-09-06T03:35:18.817876+00:00,1,23.000,23.000,0.0,missed_init_or_timeout
2025-09-06T03:35:18.868874+00:00,2,27.500,31.000,0.0,missed_init_or_timeout
2025-09-06T03:35:18.919214+00:00,1,24.000,24.000,0.0,missed_init_or_timeout
2025-09-06T03:35:18.969959+00:00,3,34.000,49.000,0.0,missed_init_or_timeout
2025-09-06T03:35:19.019430+00:00,1,25.000,25.000,0.0,missed_init_or_timeout
2025-09-06T03:35:19.068125+00:00,2,26.500,30.000,0.0,missed_init_or_timeout
2025-09-06T03:35:19.117453+00:00,1,23.000,23.000,0.0,missed_init_or_timeout
2025-09-06T03:35:19.168976+00:00,3,34.000,50.000,0.0,missed_init_or_timeout
2025-09-06T03:35:19.218864+00:00,1,24.000,24.000,0.0,missed_init_or_timeout
2025-09-06T03:35:19.268580+00:00,2,27.500,31.000,0.0,missed_init_or_timeout
2025-09-06T03:35:19.317624+00:00,1,23.000,23.000,0.0,missed_init_or_timeout
2025-09-06T03:35:19.369040+00:00,3,34.667,50.000,0.0,missed_init_or_timeout
2025-09-06T03:35:19.416730+00:00,1,21.000,21.000,0.0,missed_init_or_timeout
2025-09-06T03:35:19.469086+00:00,2,26.500,30.000,0.0,missed_init_or_timeout
2025-09-06T03:35:19.517573+00:00,1,23.000,23.000,0.0,missed_init_or_timeout
2025-09-06T03:35:19.569622+00:00,3,34.667,50.000,0.0,missed_init_or_timeout
2025-09-06T03:35:19.618099+00:00,1,21.000,21.000,0.0,missed_init_or_timeout
2025-09-06T03:35:19.668677+00:00,2,26.500,30.000,0.0,missed_init_or_timeout
2025-09-06T03:35:19.717580+00:00,1,23.000,23.000,0.0,missed_init_or_timeout
2025-09-06T03:35:19.770132+00:00,3,34.333,50.000,0.0,missed_init_or_timeout
2025-09-06T03:35:19.817392+00:00,1,23.000,23.000,0.0,missed_init_or_timeout
2025-09-06T03:35:19.867075+00:00,2,26.500,30.000,0.0,missed_init_or_timeout
2025-09-06T03:35:19.917166+00:00,1,21.000,21.000,0.0,missed_init_or_timeout
2025-09-06T03:35:19.969997+00:00,3,35.333,51.000,0.0,missed_init_or_timeout
2025-09-06T03:35:20.018220+00:00,1,25.000,25.000,0.0,missed_init_or_timeout
2025-09-06T03:35:20.068737+00:00,2,27.000,31.000,0.0,missed_init_or_timeout
2025-09-06T03:35:20.118197+00:00,1,23.000,23.000,0.0,missed_init_or_timeout
2025-09-06T03:35:20.178653+00:00,3,34.667,50.000,0.0,missed_init_or_timeout
2025-09-06T03:35:20.218155+00:00,1,23.000,23.000,0.0,missed_init_or_timeout
2025-09-06T03:35:20.286954+00:00,2,26.500,30.000,0.0,missed_init_or_timeout
2025-09-06T03:35:20.324597+00:00,1,31.000,31.000,0.0,missed_init_or_timeout
2025-09-06T03:35:20.369086+00:00,3,33.333,47.000,0.0,missed_init_or_timeout
2025-09-06T03:35:20.417745+00:00,1,22.000,22.000,0.0,missed_init_or_timeout
2025-09-06T03:35:20.467750+00:00,2,26.500,30.000,0.0,missed_init_or_timeout
2025-09-06T03:35:20.518062+00:00,1,23.000,23.000,0.0,missed_init_or_timeout
2025-09-06T03:35:20.569656+00:00,3,34.333,50.000,0.0,missed_init_or_timeout
2025-09-06T03:35:20.617446+00:00,1,23.000,23.000,0.0,missed_init_or_timeout
2025-09-06T03:35:20.668291+00:00,2,26.500,31.000,0.0,missed_init_or_timeout
2025-09-06T03:35:20.718468+00:00,1,24.000,24.000,0.0,missed_init_or_timeout
2025-09-06T03:35:20.768920+00:00,3,34.667,50.000,0.0,missed_init_or_timeout
2025-09-06T03:35:20.818994+00:00,1,24.000,24.000,0.0,missed_init_or_timeout
2025-09-06T03:35:20.868150+00:00,2,26.500,30.000,0.0,missed_init_or_timeout
2025-09-06T03:35:20.917272+00:00,1,23.000,23.000,0.0,missed_init_or_timeout
2025-09-06T03:35:20.969834+00:00,3,35.000,51.000,0.0,missed_init_or_timeout
2025-09-06T03:35:21.018536+00:00,1,23.000,23.000,0.0,missed_init_or_timeout
2025-09-06T03:35:21.068164+00:00,2,26.500,30.000,0.0,missed_init_or_timeout
2025-09-06T03:35:21.117321+00:00,1,23.000,23.000,0.0,missed_init_or_timeout
2025-09-06T03:35:21.169536+00:00,3,34.667,50.000,0.0,missed_init_or_timeout
2025-09-06T03:35:21.217934+00:00,1,23.000,23.000,0.0,missed_init_or_timeout
2025-09-06T03:35:21.269289+00:00,2,27.500,31.000,0.0,missed_init_or_timeout
2025-09-06T03:35:21.317321+00:00,1,22.000,22.000,0.0,missed_init_or_timeout
2025-09-06T03:35:21.370141+00:00,3,34.333,50.000,0.0,missed_init_or_timeout
2025-09-06T03:35:21.418011+00:00,1,23.000,23.000,0.0,missed_init_or_timeout
2025-09-06T03:35:21.466889+00:00,2,25.500,29.000,0.0,missed_init_or_timeout
2025-09-06T03:35:21.519168+00:00,1,24.000,24.000,0.0,missed_init_or_timeout
2025-09-06T03:35:21.570013+00:00,3,34.333,49.000,0.0,missed_init_or_timeout
2025-09-06T03:35:21.617753+00:00,1,24.000,24.000,0.0,missed_init_or_timeout
2025-09-06T03:35:21.669277+00:00,2,27.000,31.000,0.0,missed_init_or_timeout
2025-09-06T03:35:21.717334+00:00,1,23.000,23.000,0.0,missed_init_or_timeout
2025-09-06T03:35:21.736700+00:00,3,33.333,49.000,0.0,missed_init_or_timeout
2025-09-06T03:35:21.785720+00:00,1,22.000,22.000,0.0,missed_init_or_timeout
2025-09-06T03:35:21.837452+00:00,2,26.500,30.000,0.0,missed_init_or_timeout
2025-09-06T03:35:21.886533+00:00,1,23.000,23.000,0.0,missed_init_or_timeout
2025-09-06T03:35:21.937654+00:00,3,34.667,50.000,0.0,missed_init_or_timeout
2025-09-06T03:35:21.985696+00:00,1,23.000,23.000,0.0,missed_init_or_timeout
2025-09-06T03:35:22.037648+00:00,2,28.500,32.000,0.0,missed_init_or_timeout
2025-09-06T03:35:22.085525+00:00,1,22.000,22.000,0.0,missed_init_or_timeout
2025-09-06T03:35:22.137715+00:00,3,35.000,51.000,0.0,missed_init_or_timeout
2025-09-06T03:35:22.186165+00:00,1,23.000,23.000,0.0,missed_init_or_timeout
2025-09-06T03:35:22.237642+00:00,2,28.000,31.000,0.0,missed_init_or_timeout
2025-09-06T03:35:22.286134+00:00,1,23.000,23.000,0.0,missed_init_or_timeout
2025-09-06T03:35:22.337503+00:00,3,34.667,50.000,0.0,missed_init_or_timeout
2025-09-06T03:35:22.386517+00:00,1,22.000,22.000,0.0,missed_init_or_timeout
2025-09-06T03:35:22.437228+00:00,2,26.500,30.000,0.0,missed_init_or_timeout
2025-09-06T03:35:22.486236+00:00,1,23.000,23.000,0.0,missed_init_or_timeout
2025-09-06T03:35:22.538274+00:00,3,34.333,50.000,0.0,missed_init_or_timeout
2025-09-06T03:35:22.584997+00:00,1,22.000,22.000,0.0,missed_init_or_timeout
2025-09-06T03:35:22.636834+00:00,2,27.000,31.000,0.0,missed_init_or_timeout
2025-09-06T03:35:22.686583+00:00,1,23.000,23.000,0.0,missed_init_or_timeout
2025-09-06T03:35:22.736929+00:00,3,34.000,49.000,0.0,missed_init_or_timeout
2025-09-06T03:35:22.785804+00:00,1,24.000,24.000,0.0,missed_init_or_timeout
2025-09-06T03:35:22.836706+00:00,2,27.000,31.000,0.0,missed_init_or_timeout
2025-09-06T03:35:22.885670+00:00,1,23.000,23.000,0.0,missed_init_or_timeout
2025-09-06T03:35:22.936897+00:00,3,34.667,50.000,0.0,missed_init_or_timeout
2025-09-06T03:35:22.986165+00:00,1,23.000,23.000,0.0,missed_init_or_timeout
2025-09-06T03:35:23.036473+00:00,2,25.500,29.000,0.0,missed_init_or_timeout
2025-09-06T03:35:23.085269+00:00,1,22.000,22.000,0.0,missed_init_or_timeout
2025-09-06T03:35:23.138122+00:00,3,35.000,51.000,0.0,missed_init_or_timeout
2025-09-06T03:35:23.185470+00:00,1,23.000,23.000,0.0,missed_init_or_timeout
2025-09-06T03:35:23.269944+00:00,2,28.000,32.000,0.0,missed_init_or_timeout
2025-09-06T03:35:23.317305+00:00,1,23.000,23.000,0.0,missed_init_or_timeout
2025-09-06T03:35:23.369983+00:00,3,34.667,50.000,0.0,missed_init_or_timeout
2025-09-06T03:35:23.417095+00:00,1,23.000,23.000,0.0,missed_init_or_timeout
2025-09-06T03:35:23.467917+00:00,2,26.500,30.000,0.0,missed_init_or_timeout
2025-09-06T03:35:23.517427+00:00,1,23.000,23.000,0.0,missed_init_or_timeout
2025-09-06T03:35:23.569524+00:00,3,35.000,50.000,0.0,missed_init_or_timeout
2025-09-06T03:35:23.617616+00:00,1,23.000,23.000,0.0,missed_init_or_timeout
2025-09-06T03:35:23.668251+00:00,2,26.500,30.000,0.0,missed_init_or_timeout
2025-09-06T03:35:23.716795+00:00,1,22.000,22.000,0.0,missed_init_or_timeout
2025-09-06T03:35:23.769947+00:00,3,35.000,51.000,0.0,missed_init_or_timeout
2025-09-06T03:35:23.817570+00:00,1,23.000,23.000,0.0,missed_init_or_timeout
2025-09-06T03:35:23.868835+00:00,2,26.500,30.000,0.0,missed_init_or_timeout
2025-09-06T03:35:23.917846+00:00,1,23.000,23.000,0.0,missed_init_or_timeout
2025-09-06T03:35:23.969748+00:00,3,34.333,50.000,0.0,missed_init_or_timeout
2025-09-06T03:35:24.018342+00:00,1,24.000,24.000,0.0,missed_init_or_timeout
2025-09-06T03:35:24.069022+00:00,2,26.500,30.000,0.0,missed_init_or_timeout
2025-09-06T03:35:24.117119+00:00,1,22.000,22.000,0.0,missed_init_or_timeout
2025-09-06T03:35:24.168684+00:00,3,35.000,51.000,0.0,missed_init_or_timeout
2025-09-06T03:35:24.217299+00:00,1,23.000,23.000,0.0,missed_init_or_timeout
2025-09-06T03:35:24.268196+00:00,2,26.500,30.000,0.0,missed_init_or_timeout
2025-09-06T03:35:24.318246+00:00,1,23.000,23.000,0.0,missed_init_or_timeout
2025-09-06T03:35:24.369957+00:00,3,34.667,50.000,0.0,missed_init_or_timeout
2025-09-06T03:35:24.417184+00:00,1,23.000,23.000,0.0,missed_init_or_timeout
2025-09-06T03:35:24.468782+00:00,2,27.500,31.000,0.0,missed_init_or_timeout
2025-09-06T03:35:24.516204+00:00,1,22.000,22.000,0.0,missed_init_or_timeout
2025-09-06T03:35:24.570044+00:00,3,35.000,51.000,0.0,missed_init_or_timeout
2025-09-06T03:35:24.617943+00:00,1,23.000,23.000,0.0,missed_init_or_timeout
2025-09-06T03:35:24.666707+00:00,2,25.500,29.000,0.0,missed_init_or_timeout
2025-09-06T03:35:24.718507+00:00,1,23.000,23.000,0.0,missed_init_or_timeout
2025-09-06T03:35:24.769986+00:00,3,35.000,50.000,0.0,missed_init_or_timeout
2025-09-06T03:35:24.817162+00:00,1,24.000,24.000,0.0,missed_init_or_timeout
2025-09-06T03:35:24.868848+00:00,2,27.000,31.000,0.0,missed_init_or_timeout
2025-09-06T03:35:24.917120+00:00,1,23.000,23.000,0.0,missed_init_or_timeout
2025-09-06T03:35:24.968703+00:00,3,34.667,50.000,0.0,missed_init_or_timeout
2025-09-06T03:35:25.018332+00:00,1,23.000,23.000,0.0,missed_init_or_timeout
2025-09-06T03:35:25.067785+00:00,2,26.500,30.000,0.0,missed_init_or_timeout
2025-09-06T03:35:25.116451+00:00,1,22.000,22.000,0.0,missed_init_or_timeout
2025-09-06T03:35:25.169211+00:00,3,35.000,51.000,0.0,missed_init_or_timeout
2025-09-06T03:35:25.217213+00:00,1,24.000,24.000,0.0,missed_init_or_timeout
2025-09-06T03:35:25.268822+00:00,2,27.500,31.000,0.0,missed_init_or_timeout
2025-09-06T03:35:25.316226+00:00,1,22.000,22.000,0.0,missed_init_or_timeout
2025-09-06T03:35:25.368612+00:00,3,35.333,51.000,0.0,missed_init_or_timeout
2025-09-06T03:35:25.419132+00:00,1,23.000,23.000,0.0,missed_init_or_timeout
2025-09-06T03:35:25.468708+00:00,2,27.000,31.000,0.0,missed_init_or_timeout
2025-09-06T03:35:25.519146+00:00,1,23.000,23.000,0.0,missed_init_or_timeout
2025-09-06T03:35:25.569289+00:00,3,34.000,49.000,0.0,missed_init_or_timeout
2025-09-06T03:35:25.617839+00:00,1,24.000,24.000,0.0,missed_init_or_timeout
2025-09-06T03:35:25.668262+00:00,2,26.500,30.000,0.0,missed_init_or_timeout
2025-09-06T03:35:25.717408+00:00,1,24.000,24.000,0.0,missed_init_or_timeout
2025-09-06T03:35:25.769804+00:00,3,34.667,50.000,0.0,missed_init_or_timeout
2025-09-06T03:35:25.816562+00:00,1,22.000,22.000,0.0,missed_init_or_timeout
2025-09-06T03:35:25.868448+00:00,2,27.500,31.000,0.0,missed_init_or_timeout
2025-09-06T03:35:25.916493+00:00,1,22.000,22.000,0.0,missed_init_or_timeout
2025-09-06T03:35:25.969476+00:00,3,35.667,51.000,0.0,missed_init_or_timeout
2025-09-06T03:35:26.017572+00:00,1,23.000,23.000,0.0,missed_init_or_timeout
2025-09-06T03:35:26.069151+00:00,2,27.000,31.000,0.0,missed_init_or_timeout
2025-09-06T03:35:26.116399+00:00,1,22.000,22.000,0.0,missed_init_or_timeout
2025-09-06T03:35:26.169045+00:00,3,35.000,51.000,0.0,missed_init_or_timeout
2025-09-06T03:35:26.216362+00:00,1,22.000,22.000,0.0,missed_init_or_timeout
2025-09-06T03:35:26.242571+00:00,2,26.500,30.000,0.0,ok
2025-09-06T03:35:26.284868+00:00,1,22.000,22.000,0.0,ok
2025-09-06T03:35:26.337338+00:00,3,35.333,51.000,0.0,ok
2025-09-06T03:35:26.385820+00:00,1,24.000,24.000,0.0,ok
2025-09-06T03:35:26.436383+00:00,2,26.500,30.000,0.0,ok
2025-09-06T03:35:26.486055+00:00,1,23.000,23.000,0.0,ok
2025-09-06T03:35:26.537405+00:00,3,35.000,50.000,0.0,ok
2025-09-06T03:35:26.586425+00:00,1,23.000,23.000,0.0,ok
2025-09-06T03:35:26.637033+00:00,2,27.500,31.000,0.0,ok
2025-09-06T03:35:26.685815+00:00,1,23.000,23.000,0.0,ok
2025-09-06T03:35:26.738596+00:00,3,34.333,50.000,0.0,ok
2025-09-06T03:35:26.785571+00:00,1,22.000,22.000,0.0,ok
2025-09-06T03:35:26.837070+00:00,2,27.500,31.000,0.0,ok
2025-09-06T03:35:26.886355+00:00,1,23.000,23.000,0.0,ok
2025-09-06T03:35:26.937560+00:00,3,33.667,49.000,0.0,ok
2025-09-06T03:35:26.986540+00:00,1,23.000,23.000,0.0,ok
2025-09-06T03:35:27.036625+00:00,2,26.500,30.000,0.0,ok
2025-09-06T03:35:27.086106+00:00,1,23.000,23.000,0.0,ok
2025-09-06T03:35:27.136812+00:00,3,33.667,49.000,0.0,ok
2025-09-06T03:35:27.186343+00:00,1,24.000,24.000,0.0,ok
2025-09-06T03:35:27.236465+00:00,2,26.500,30.000,0.0,ok
2025-09-06T03:35:27.286345+00:00,1,24.000,24.000,0.0,ok
2025-09-06T03:35:27.338552+00:00,3,35.000,50.000,0.0,ok
2025-09-06T03:35:27.385328+00:00,1,22.000,22.000,0.0,ok
2025-09-06T03:35:27.436338+00:00,2,26.000,30.000,0.0,ok
2025-09-06T03:35:27.486411+00:00,1,23.000,23.000,0.0,ok
2025-09-06T03:35:27.537771+00:00,3,35.000,50.000,0.0,ok
2025-09-06T03:35:27.585828+00:00,1,22.000,22.000,0.0,ok
2025-09-06T03:35:27.636+00:00,2,26.000,29.000,0.0,ok
2025-09-06T03:35:27.686235+00:00,1,24.000,24.000,0.0,ok
2025-09-06T03:35:27.738510+00:00,3,35.000,50.000,0.0,ok
2025-09-06T03:35:27.816078+00:00,1,23.000,23.000,0.0,missed_init_or_timeout
2025-09-06T03:35:27.867485+00:00,2,26.500,30.000,0.0,missed_init_or_timeout
2025-09-06T03:35:27.917651+00:00,1,24.000,24.000,0.0,missed_init_or_timeout
2025-09-06T03:35:27.979212+00:00,3,33.667,49.000,0.0,missed_init_or_timeout
2025-09-06T03:35:28.017719+00:00,1,24.000,24.000,0.0,missed_init_or_timeout
2025-09-06T03:35:28.068639+00:00,2,27.000,31.000,0.0,missed_init_or_timeout
2025-09-06T03:35:28.116175+00:00,1,22.000,22.000,0.0,missed_init_or_timeout
2025-09-06T03:35:28.168999+00:00,3,35.000,51.000,0.0,missed_init_or_timeout
2025-09-06T03:35:28.217714+00:00,1,23.000,23.000,0.0,missed_init_or_timeout
2025-09-06T03:35:28.268602+00:00,2,26.000,30.000,0.0,missed_init_or_timeout
2025-09-06T03:35:28.316951+00:00,1,22.000,22.000,0.0,missed_init_or_timeout
2025-09-06T03:35:28.368722+00:00,3,34.667,51.000,0.0,missed_init_or_timeout
2025-09-06T03:35:28.417886+00:00,1,22.000,22.000,0.0,missed_init_or_timeout
2025-09-06T03:35:28.468664+00:00,2,27.500,31.000,0.0,missed_init_or_timeout
2025-09-06T03:35:28.517424+00:00,1,22.000,22.000,0.0,missed_init_or_timeout
2025-09-06T03:35:28.570272+00:00,3,35.000,51.000,0.0,missed_init_or_timeout
2025-09-06T03:35:28.616308+00:00,1,22.000,22.000,0.0,missed_init_or_timeout
2025-09-06T03:35:28.669503+00:00,2,26.500,30.000,0.0,missed_init_or_timeout
2025-09-06T03:35:28.719226+00:00,1,23.000,23.000,0.0,missed_init_or_timeout
2025-09-06T03:35:28.768944+00:00,3,35.000,50.000,0.0,missed_init_or_timeout
2025-09-06T03:35:28.817336+00:00,1,24.000,24.000,0.0,missed_init_or_timeout
2025-09-06T03:35:28.867895+00:00,2,27.500,31.000,0.0,missed_init_or_timeout
2025-09-06T03:35:28.917824+00:00,1,23.000,23.000,0.0,missed_init_or_timeout
2025-09-06T03:35:28.969407+00:00,3,34.667,50.000,0.0,missed_init_or_timeout
2025-09-06T03:35:29.016676+00:00,1,21.000,21.000,0.0,missed_init_or_timeout
2025-09-06T03:35:29.068370+00:00,2,26.500,30.000,0.0,missed_init_or_timeout
2025-09-06T03:35:29.118765+00:00,1,24.000,24.000,0.0,missed_init_or_timeout
2025-09-06T03:35:29.167836+00:00,3,34.333,49.000,0.0,missed_init_or_timeout
2025-09-06T03:35:29.216480+00:00,1,21.000,21.000,0.0,missed_init_or_timeout
2025-09-06T03:35:29.268719+00:00,2,26.500,30.000,0.0,missed_init_or_timeout
2025-09-06T03:35:29.315885+00:00,1,22.000,22.000,0.0,missed_init_or_timeout
2025-09-06T03:35:29.369174+00:00,3,35.000,51.000,0.0,missed_init_or_timeout
2025-09-06T03:35:29.418075+00:00,1,23.000,23.000,0.0,missed_init_or_timeout
2025-09-06T03:35:29.468472+00:00,2,26.000,29.000,0.0,missed_init_or_timeout
2025-09-06T03:35:29.517748+00:00,1,22.000,22.000,0.0,missed_init_or_timeout
2025-09-06T03:35:29.568719+00:00,3,34.000,50.000,0.0,missed_init_or_timeout
2025-09-06T03:35:29.616710+00:00,1,23.000,23.000,0.0,missed_init_or_timeout
2025-09-06T03:35:29.668423+00:00,2,27.000,31.000,0.0,missed_init_or_timeout
2025-09-06T03:35:29.717798+00:00,1,22.000,22.000,0.0,missed_init_or_timeout
2025-09-06T03:35:29.768904+00:00,3,34.667,50.000,0.0,missed_init_or_timeout
2025-09-06T03:35:29.816815+00:00,1,23.000,23.000,0.0,missed_init_or_timeout
2025-09-06T03:35:29.868083+00:00,2,27.500,31.000,0.0,missed_init_or_timeout
2025-09-06T03:35:29.916774+00:00,1,22.000,22.000,0.0,missed_init_or_timeout
2025-09-06T03:35:29.968527+00:00,3,34.667,50.000,0.0,missed_init_or_timeout
2025-09-06T03:35:30.017245+00:00,1,22.000,22.000,0.0,missed_init_or_timeout
2025-09-06T03:35:30.067690+00:00,2,27.500,31.000,0.0,missed_init_or_timeout
2025-09-06T03:35:30.117297+00:00,1,23.000,23.000,0.0,missed_init_or_timeout
2025-09-06T03:35:30.169616+00:00,3,34.667,50.000,0.0,missed_init_or_timeout
2025-09-06T03:35:30.216999+00:00,1,22.000,22.000,0.0,missed_init_or_timeout
2025-09-06T03:35:30.267742+00:00,2,27.000,31.000,0.0,missed_init_or_timeout
2025-09-06T03:35:30.317610+00:00,1,22.000,22.000,0.0,missed_init_or_timeout
2025-09-06T03:35:30.369018+00:00,3,34.333,50.000,0.0,missed_init_or_timeout
2025-09-06T03:35:30.417020+00:00,1,23.000,23.000,0.0,missed_init_or_timeout
2025-09-06T03:35:30.468004+00:00,2,27.500,31.000,0.0,missed_init_or_timeout
2025-09-06T03:35:30.517102+00:00,1,23.000,23.000,0.0,missed_init_or_timeout
2025-09-06T03:35:30.569385+00:00,3,35.000,51.000,0.0,missed_init_or_timeout
2025-09-06T03:35:30.616061+00:00,1,22.000,22.000,0.0,missed_init_or_timeout
2025-09-06T03:35:30.668709+00:00,2,27.500,31.000,0.0,missed_init_or_timeout
2025-09-06T03:35:30.717889+00:00,1,22.000,22.000,0.0,missed_init_or_timeout
2025-09-06T03:35:30.751558+00:00,3,34.333,50.000,0.0,ok
2025-09-06T03:35:30.785930+00:00,1,24.000,24.000,0.0,ok
2025-09-06T03:35:30.837011+00:00,2,27.000,31.000,0.0,ok
2025-09-06T03:35:30.885312+00:00,1,22.000,22.000,0.0,ok
2025-09-06T03:35:30.936573+00:00,3,34.333,50.000,0.0,ok
2025-09-06T03:35:30.985856+00:00,1,23.000,23.000,0.0,ok
2025-09-06T03:35:31.035764+00:00,2,26.500,30.000,0.0,ok
2025-09-06T03:35:31.084925+00:00,1,22.000,22.000,0.0,ok
2025-09-06T03:35:31.136936+00:00,3,34.000,50.000,0.0,ok
2025-09-06T03:35:31.185274+00:00,1,23.000,23.000,0.0,ok
2025-09-06T03:35:31.236862+00:00,2,27.000,31.000,0.0,ok
2025-09-06T03:35:31.285614+00:00,1,22.000,22.000,0.0,ok
2025-09-06T03:35:31.337690+00:00,3,35.333,51.000,0.0,ok
2025-09-06T03:35:31.386283+00:00,1,23.000,23.000,0.0,ok
2025-09-06T03:35:31.436529+00:00,2,26.500,30.000,0.0,ok
2025-09-06T03:35:31.485928+00:00,1,23.000,23.000,0.0,ok
2025-09-06T03:35:31.537755+00:00,3,34.667,50.000,0.0,ok
2025-09-06T03:35:31.585419+00:00,1,23.000,23.000,0.0,ok
2025-09-06T03:35:31.636368+00:00,2,26.500,30.000,0.0,ok
2025-09-06T03:35:31.684318+00:00,1,21.000,21.000,0.0,ok
2025-09-06T03:35:31.737108+00:00,3,35.000,51.000,0.0,ok
2025-09-06T03:35:31.785718+00:00,1,23.000,23.000,0.0,ok
2025-09-06T03:35:31.836407+00:00,2,26.000,30.000,0.0,ok
2025-09-06T03:35:31.886320+00:00,1,23.000,23.000,0.0,ok
2025-09-06T03:35:31.937279+00:00,3,35.000,50.000,0.0,ok
2025-09-06T03:35:31.985698+00:00,1,23.000,23.000,0.0,ok
2025-09-06T03:35:32.036876+00:00,2,28.000,32.000,0.0,ok
2025-09-06T03:35:32.085371+00:00,1,23.000,23.000,0.0,ok
2025-09-06T03:35:32.136993+00:00,3,34.333,50.000,0.0,ok
2025-09-06T03:35:32.184590+00:00,1,21.000,21.000,0.0,ok
2025-09-06T03:35:32.236097+00:00,2,26.500,30.000,0.0,ok
2025-09-06T03:35:32.316944+00:00,1,22.000,22.000,0.0,missed_init_or_timeout
2025-09-06T03:35:32.369236+00:00,3,34.333,50.000,0.0,missed_init_or_timeout
2025-09-06T03:35:32.416697+00:00,1,24.000,24.000,0.0,missed_init_or_timeout
2025-09-06T03:35:32.468532+00:00,2,26.500,30.000,0.0,missed_init_or_timeout
2025-09-06T03:35:32.517860+00:00,1,22.000,22.000,0.0,missed_init_or_timeout
2025-09-06T03:35:32.569425+00:00,3,35.333,51.000,0.0,missed_init_or_timeout
2025-09-06T03:35:32.616975+00:00,1,22.000,22.000,0.0,missed_init_or_timeout
2025-09-06T03:35:32.668356+00:00,2,26.000,29.000,0.0,missed_init_or_timeout
2025-09-06T03:35:32.716219+00:00,1,23.000,23.000,0.0,missed_init_or_timeout
2025-09-06T03:35:32.769084+00:00,3,35.667,51.000,0.0,missed_init_or_timeout
2025-09-06T03:35:32.817555+00:00,1,23.000,23.000,0.0,missed_init_or_timeout
2025-09-06T03:35:32.867128+00:00,2,27.000,31.000,0.0,missed_init_or_timeout
2025-09-06T03:35:32.916884+00:00,1,23.000,23.000,0.0,missed_init_or_timeout
2025-09-06T03:35:32.969147+00:00,3,35.000,50.000,0.0,missed_init_or_timeout
2025-09-06T03:35:33.017709+00:00,1,23.000,23.000,0.0,missed_init_or_timeout
2025-09-06T03:35:33.067297+00:00,2,26.500,29.000,0.0,missed_init_or_timeout
2025-09-06T03:35:33.116484+00:00,1,22.000,22.000,0.0,missed_init_or_timeout
2025-09-06T03:35:33.168392+00:00,3,34.333,50.000,0.0,missed_init_or_timeout
2025-09-06T03:35:33.216775+00:00,1,22.000,22.000,0.0,missed_init_or_timeout
2025-09-06T03:35:33.267393+00:00,2,26.000,29.000,0.0,missed_init_or_timeout
2025-09-06T03:35:33.315642+00:00,1,22.000,22.000,0.0,missed_init_or_timeout
2025-09-06T03:35:33.369399+00:00,3,33.667,50.000,0.0,missed_init_or_timeout
2025-09-06T03:35:33.416359+00:00,1,24.000,24.000,0.0,missed_init_or_timeout
2025-09-06T03:35:33.467924+00:00,2,26.000,30.000,0.0,missed_init_or_timeout
2025-09-06T03:35:33.516703+00:00,1,23.000,23.000,0.0,missed_init_or_timeout
2025-09-06T03:35:33.569256+00:00,3,34.333,50.000,0.0,missed_init_or_timeout
2025-09-06T03:35:33.616695+00:00,1,23.000,23.000,0.0,missed_init_or_timeout
2025-09-06T03:35:33.668345+00:00,2,26.500,30.000,0.0,missed_init_or_timeout
2025-09-06T03:35:33.717625+00:00,1,23.000,23.000,0.0,missed_init_or_timeout
2025-09-06T03:35:33.769077+00:00,3,34.333,50.000,0.0,missed_init_or_timeout
2025-09-06T03:35:33.817568+00:00,1,23.000,23.000,0.0,missed_init_or_timeout
2025-09-06T03:35:33.868081+00:00,2,26.500,30.000,0.0,missed_init_or_timeout
2025-09-06T03:35:33.917612+00:00,1,24.000,24.000,0.0,missed_init_or_timeout
2025-09-06T03:35:33.968807+00:00,3,34.333,49.000,0.0,missed_init_or_timeout
2025-09-06T03:35:34.017383+00:00,1,23.000,23.000,0.0,missed_init_or_timeout
2025-09-06T03:35:34.068004+00:00,2,26.500,30.000,0.0,missed_init_or_timeout
2025-09-06T03:35:34.117409+00:00,1,24.000,24.000,0.0,missed_init_or_timeout
2025-09-06T03:35:34.168856+00:00,3,34.333,49.000,0.0,missed_init_or_timeout
2025-09-06T03:35:34.215841+00:00,1,23.000,23.000,0.0,missed_init_or_timeout
2025-09-06T03:35:34.267728+00:00,2,26.500,30.000,0.0,missed_init_or_timeout
2025-09-06T03:35:34.316839+00:00,1,23.000,23.000,0.0,missed_init_or_timeout
2025-09-06T03:35:34.368665+00:00,3,35.000,51.000,0.0,missed_init_or_timeout
2025-09-06T03:35:34.416809+00:00,1,23.000,23.000,0.0,missed_init_or_timeout
2025-09-06T03:35:34.468187+00:00,2,26.500,30.000,0.0,missed_init_or_timeout
2025-09-06T03:35:34.517689+00:00,1,24.000,24.000,0.0,missed_init_or_timeout
2025-09-06T03:35:34.568934+00:00,3,34.000,49.000,0.0,missed_init_or_timeout
2025-09-06T03:35:34.616926+00:00,1,23.000,23.000,0.0,missed_init_or_timeout
2025-09-06T03:35:34.668409+00:00,2,27.500,31.000,0.0,missed_init_or_timeout
2025-09-06T03:35:34.716678+00:00,1,22.000,22.000,0.0,missed_init_or_timeout
2025-09-06T03:35:34.768967+00:00,3,34.000,50.000,0.0,missed_init_or_timeout
2025-09-06T03:35:34.817100+00:00,1,24.000,24.000,0.0,missed_init_or_timeout
2025-09-06T03:35:34.868507+00:00,2,27.500,31.000,0.0,missed_init_or_timeout
2025-09-06T03:35:34.916896+00:00,1,22.000,22.000,0.0,missed_init_or_timeout
2025-09-06T03:35:34.968706+00:00,3,34.333,50.000,0.0,missed_init_or_timeout
2025-09-06T03:35:35.016730+00:00,1,23.000,23.000,0.0,missed_init_or_timeout
2025-09-06T03:35:35.068032+00:00,2,26.500,30.000,0.0,missed_init_or_timeout
2025-09-06T03:35:35.117270+00:00,1,24.000,24.000,0.0,missed_init_or_timeout
2025-09-06T03:35:35.169019+00:00,3,34.000,49.000,0.0,missed_init_or_timeout
2025-09-06T03:35:35.216478+00:00,1,23.000,23.000,0.0,missed_init_or_timeout
2025-09-06T03:35:35.258089+00:00,2,26.500,31.000,0.0,ok
2025-09-06T03:35:35.285473+00:00,1,23.000,23.000,0.0,ok
2025-09-06T03:35:35.336165+00:00,3,33.333,49.000,0.0,ok
2025-09-06T03:35:35.384952+00:00,1,23.000,23.000,0.0,ok
2025-09-06T03:35:35.435883+00:00,2,26.500,31.000,0.0,ok
2025-09-06T03:35:35.485264+00:00,1,23.000,23.000,0.0,ok
2025-09-06T03:35:35.537569+00:00,3,34.000,50.000,0.0,ok
2025-09-06T03:35:35.585330+00:00,1,22.000,22.000,0.0,ok
2025-09-06T03:35:35.636142+00:00,2,26.500,30.000,0.0,ok
2025-09-06T03:35:35.685701+00:00,1,24.000,24.000,0.0,ok
2025-09-06T03:35:35.736885+00:00,3,34.000,49.000,0.0,ok
2025-09-06T03:35:35.785727+00:00,1,22.000,22.000,0.0,ok
2025-09-06T03:35:35.836027+00:00,2,26.500,31.000,0.0,ok
2025-09-06T03:35:35.885173+00:00,1,23.000,23.000,0.0,ok
2025-09-06T03:35:35.936979+00:00,3,34.333,50.000,0.0,ok
2025-09-06T03:35:35.985451+00:00,1,23.000,23.000,0.0,ok
2025-09-06T03:35:36.036238+00:00,2,26.500,31.000,0.0,ok
2025-09-06T03:35:36.085749+00:00,1,24.000,24.000,0.0,ok
2025-09-06T03:35:36.137252+00:00,3,34.333,49.000,0.0,ok
2025-09-06T03:35:36.185580+00:00,1,22.000,22.000,0.0,ok
2025-09-06T03:35:36.236538+00:00,2,26.500,31.000,0.0,ok
2025-09-06T03:35:36.283356+00:00,1,21.000,21.000,0.0,ok
2025-09-06T03:35:36.337021+00:00,3,34.667,51.000,0.0,ok
2025-09-06T03:35:36.385915+00:00,1,24.000,24.000,0.0,ok
2025-09-06T03:35:36.436041+00:00,2,26.500,30.000,0.0,ok
2025-09-06T03:35:36.485837+00:00,1,25.000,25.000,0.0,ok
2025-09-06T03:35:36.536812+00:00,3,33.667,49.000,0.0,ok
2025-09-06T03:35:36.585141+00:00,1,22.000,22.000,0.0,ok
2025-09-06T03:35:36.635774+00:00,2,27.000,31.000,0.0,ok
2025-09-06T03:35:36.685400+00:00,1,23.000,23.000,0.0,ok
2025-09-06T03:35:36.736851+00:00,3,34.667,50.000,0.0,ok
2025-09-06T03:35:36.818290+00:00,1,25.000,25.000,0.0,missed_init_or_timeout
2025-09-06T03:35:36.867838+00:00,2,26.500,30.000,0.0,missed_init_or_timeout
2025-09-06T03:35:36.916711+00:00,1,24.000,24.000,0.0,missed_init_or_timeout
2025-09-06T03:35:36.968047+00:00,3,34.000,49.000,0.0,missed_init_or_timeout
2025-09-06T03:35:37.019533+00:00,1,22.000,22.000,0.0,missed_init_or_timeout
2025-09-06T03:35:37.066875+00:00,2,25.000,26.000,0.0,missed_init_or_timeout
2025-09-06T03:35:37.117162+00:00,1,24.000,24.000,0.0,missed_init_or_timeout
2025-09-06T03:35:37.169133+00:00,3,32.333,49.000,0.0,missed_init_or_timeout
2025-09-06T03:35:37.216566+00:00,1,24.000,24.000,0.0,missed_init_or_timeout
2025-09-06T03:35:37.268099+00:00,2,24.000,24.000,0.0,missed_init_or_timeout
2025-09-06T03:35:37.316712+00:00,1,23.000,23.000,0.0,missed_init_or_timeout
2025-09-06T03:35:37.368210+00:00,3,32.667,50.000,0.0,missed_init_or_timeout
2025-09-06T03:35:37.417235+00:00,1,22.000,22.000,0.0,missed_init_or_timeout
2025-09-06T03:35:37.466947+00:00,2,22.500,23.000,0.0,missed_init_or_timeout
2025-09-06T03:35:37.518336+00:00,1,24.000,24.000,0.0,missed_init_or_timeout
2025-09-06T03:35:37.568154+00:00,3,32.333,49.000,0.0,missed_init_or_timeout
2025-09-06T03:35:37.616762+00:00,1,24.000,24.000,0.0,missed_init_or_timeout
2025-09-06T03:35:37.667440+00:00,2,24.000,25.000,0.0,missed_init_or_timeout
2025-09-06T03:35:37.716572+00:00,1,23.000,23.000,0.0,missed_init_or_timeout
2025-09-06T03:35:37.768501+00:00,3,32.667,50.000,0.0,missed_init_or_timeout
2025-09-06T03:35:37.816922+00:00,1,23.000,23.000,0.0,missed_init_or_timeout
2025-09-06T03:35:37.868204+00:00,2,25.000,25.000,0.0,missed_init_or_timeout
2025-09-06T03:35:37.914935+00:00,1,22.000,22.000,0.0,missed_init_or_timeout
2025-09-06T03:35:37.968379+00:00,3,33.667,51.000,0.0,missed_init_or_timeout
2025-09-06T03:35:38.016915+00:00,1,23.000,23.000,0.0,missed_init_or_timeout
2025-09-06T03:35:38.068294+00:00,2,25.000,25.000,0.0,missed_init_or_timeout
2025-09-06T03:35:38.116651+00:00,1,23.000,23.000,0.0,missed_init_or_timeout
2025-09-06T03:35:38.167955+00:00,3,32.667,50.000,0.0,missed_init_or_timeout
2025-09-06T03:35:38.217140+00:00,1,23.000,23.000,0.0,missed_init_or_timeout
2025-09-06T03:35:38.267533+00:00,2,23.500,24.000,0.0,missed_init_or_timeout
2025-09-06T03:35:38.316718+00:00,1,23.000,23.000,0.0,missed_init_or_timeout
2025-09-06T03:35:38.368486+00:00,3,32.667,50.000,0.0,missed_init_or_timeout
2025-09-06T03:35:38.416840+00:00,1,23.000,23.000,0.0,missed_init_or_timeout
2025-09-06T03:35:38.469301+00:00,2,25.000,25.000,0.0,missed_init_or_timeout
2025-09-06T03:35:38.516700+00:00,1,23.000,23.000,0.0,missed_init_or_timeout
2025-09-06T03:35:38.568069+00:00,3,32.667,50.000,0.0,missed_init_or_timeout
2025-09-06T03:35:38.616273+00:00,1,22.000,22.000,0.0,missed_init_or_timeout
2025-09-06T03:35:38.667735+00:00,2,24.000,24.000,0.0,missed_init_or_timeout
2025-09-06T03:35:38.717183+00:00,1,23.000,23.000,0.0,missed_init_or_timeout
2025-09-06T03:35:38.769534+00:00,3,32.333,49.000,0.0,missed_init_or_timeout
2025-09-06T03:35:38.817261+00:00,1,23.000,23.000,0.0,missed_init_or_timeout
2025-09-06T03:35:38.869893+00:00,2,23.000,23.000,0.0,missed_init_or_timeout
2025-09-06T03:35:38.917707+00:00,1,22.000,22.000,0.0,missed_init_or_timeout
2025-09-06T03:35:38.970976+00:00,3,33.667,51.000,0.0,missed_init_or_timeout
2025-09-06T03:35:39.020040+00:00,1,26.000,26.000,0.0,missed_init_or_timeout
2025-09-06T03:35:39.067795+00:00,2,23.000,23.000,0.0,missed_init_or_timeout
2025-09-06T03:35:39.118228+00:00,1,24.000,24.000,0.0,missed_init_or_timeout
2025-09-06T03:35:39.168958+00:00,3,32.000,49.000,0.0,missed_init_or_timeout
2025-09-06T03:35:39.217489+00:00,1,23.000,23.000,0.0,missed_init_or_timeout
2025-09-06T03:35:39.277246+00:00,2,24.500,25.000,0.0,missed_init_or_timeout
2025-09-06T03:35:39.316008+00:00,1,6.000,6.000,0.0,missed_init_or_timeout
2025-09-06T03:35:39.367703+00:00,3,25.333,49.000,0.0,missed_init_or_timeout
2025-09-06T03:35:39.416265+00:00,1,4.000,4.000,0.0,missed_init_or_timeout
2025-09-06T03:35:39.468074+00:00,2,14.500,24.000,0.0,missed_init_or_timeout
2025-09-06T03:35:39.518032+00:00,1,6.000,6.000,0.0,missed_init_or_timeout
2025-09-06T03:35:39.569345+00:00,3,26.667,50.000,0.0,missed_init_or_timeout
2025-09-06T03:35:39.617172+00:00,1,5.000,5.000,0.0,missed_init_or_timeout
2025-09-06T03:35:39.669267+00:00,2,14.500,24.000,0.0,missed_init_or_timeout
2025-09-06T03:35:39.718070+00:00,1,5.000,5.000,0.0,missed_init_or_timeout
2025-09-06T03:35:39.769306+00:00,3,25.667,49.000,0.0,missed_init_or_timeout
2025-09-06T03:35:39.785612+00:00,1,4.000,4.000,0.0,ok
2025-09-06T03:35:39.836+00:00,2,13.000,23.000,0.0,ok
2025-09-06T03:35:39.884639+00:00,1,4.000,4.000,0.0,ok
2025-09-06T03:35:39.935948+00:00,3,25.667,50.000,0.0,ok
2025-09-06T03:35:40.017763+00:00,1,33.000,33.000,0.0,ok
2025-09-06T03:35:40.036196+00:00,2,13.000,21.000,0.0,ok
2025-09-06T03:35:40.084530+00:00,1,4.000,4.000,0.0,ok
2025-09-06T03:35:40.138003+00:00,3,18.667,50.000,0.0,ok
2025-09-06T03:35:40.183444+00:00,1,4.000,4.000,0.0,ok
2025-09-06T03:35:40.234594+00:00,2,4.000,5.000,0.0,ok
2025-09-06T03:35:40.283772+00:00,1,4.000,4.000,0.0,ok
2025-09-06T03:35:40.334911+00:00,3,19.667,51.000,0.0,ok
2025-09-06T03:35:40.384569+00:00,1,6.000,6.000,0.0,ok
2025-09-06T03:35:40.434068+00:00,2,2.500,3.000,0.0,ok
2025-09-06T03:35:40.484322+00:00,1,5.000,5.000,0.0,ok
2025-09-06T03:35:40.534915+00:00,3,18.333,49.000,0.0,ok
2025-09-06T03:35:40.585259+00:00,1,5.000,5.000,0.0,ok
2025-09-06T03:35:40.634995+00:00,2,4.000,5.000,0.0,ok
2025-09-06T03:35:40.685656+00:00,1,5.000,5.000,0.0,ok
2025-09-06T03:35:40.735091+00:00,2,26.500,49.000,0.0,ok
2025-09-06T03:35:40.786595+00:00,2,28.500,52.000,0.0,ok
2025-09-06T03:35:40.835039+00:00,2,3.000,4.000,0.0,ok
2025-09-06T03:35:40.884559+00:00,1,3.000,3.000,0.0,ok
2025-09-06T03:35:40.938301+00:00,2,30.000,53.000,0.0,ok
2025-09-06T03:35:40.985927+00:00,2,25.000,47.000,0.0,ok
2025-09-06T03:35:41.034824+00:00,1,4.000,4.000,0.0,ok
2025-09-06T03:35:41.086178+00:00,2,26.500,47.000,0.0,ok
2025-09-06T03:35:41.135316+00:00,2,26.500,49.000,0.0,ok
2025-09-06T03:35:41.186109+00:00,2,26.000,47.000,0.0,ok
2025-09-06T03:35:41.234782+00:00,1,5.000,5.000,0.0,ok
2025-09-06T03:35:41.317460+00:00,2,25.000,46.000,0.0,missed_init_or_timeout
2025-09-06T03:35:41.367801+00:00,2,27.000,50.000,0.0,missed_init_or_timeout
2025-09-06T03:35:41.418832+00:00,2,26.000,47.000,0.0,missed_init_or_timeout
2025-09-06T03:35:41.466686+00:00,1,5.000,5.000,0.0,missed_init_or_timeout
2025-09-06T03:35:41.516242+00:00,2,24.500,46.000,0.0,missed_init_or_timeout
2025-09-06T03:35:41.567369+00:00,2,27.500,50.000,0.0,missed_init_or_timeout
2025-09-06T03:35:41.618332+00:00,2,24.500,46.000,0.0,missed_init_or_timeout
2025-09-06T03:35:41.667522+00:00,1,5.000,5.000,0.0,missed_init_or_timeout
2025-09-06T03:35:41.718850+00:00,2,26.000,47.000,0.0,missed_init_or_timeout
2025-09-06T03:35:41.767291+00:00,2,26.500,49.000,0.0,missed_init_or_timeout
2025-09-06T03:35:41.817609+00:00,2,25.000,46.000,0.0,missed_init_or_timeout
2025-09-06T03:35:41.867656+00:00,1,4.000,4.000,0.0,missed_init_or_timeout
2025-09-06T03:35:41.917809+00:00,2,24.000,46.000,0.0,missed_init_or_timeout
2025-09-06T03:35:41.965763+00:00,2,26.500,49.000,0.0,missed_init_or_timeout
2025-09-06T03:35:42.018091+00:00,2,26.000,47.000,0.0,missed_init_or_timeout
2025-09-06T03:35:42.067168+00:00,1,4.000,4.000,0.0,missed_init_or_timeout
2025-09-06T03:35:42.117441+00:00,2,26.000,47.000,0.0,missed_init_or_timeout
2025-09-06T03:35:42.166268+00:00,2,27.500,50.000,0.0,missed_init_or_timeout
2025-09-06T03:35:42.218419+00:00,2,26.000,47.000,0.0,missed_init_or_timeout
2025-09-06T03:35:42.265561+00:00,1,4.000,4.000,0.0,missed_init_or_timeout
2025-09-06T03:35:42.317425+00:00,2,24.500,45.000,0.0,missed_init_or_timeout
2025-09-06T03:35:42.367543+00:00,2,28.000,51.000,0.0,missed_init_or_timeout
2025-09-06T03:35:42.416438+00:00,2,25.000,46.000,0.0,missed_init_or_timeout
2025-09-06T03:35:42.466615+00:00,1,5.000,5.000,0.0,missed_init_or_timeout
2025-09-06T03:35:42.518230+00:00,2,25.500,46.000,0.0,missed_init_or_timeout
2025-09-06T03:35:42.567542+00:00,2,27.500,50.000,0.0,missed_init_or_timeout
2025-09-06T03:35:42.616149+00:00,2,25.000,46.000,0.0,missed_init_or_timeout
2025-09-06T03:35:42.666004+00:00,1,3.000,3.000,0.0,missed_init_or_timeout
2025-09-06T03:35:42.718127+00:00,2,26.500,47.000,0.0,missed_init_or_timeout
2025-09-06T03:35:42.767831+00:00,2,27.500,50.000,0.0,missed_init_or_timeout
2025-09-06T03:35:42.817273+00:00,2,25.000,46.000,0.0,missed_init_or_timeout
2025-09-06T03:35:42.865808+00:00,1,5.000,5.000,0.0,missed_init_or_timeout
2025-09-06T03:35:42.916331+00:00,2,25.000,46.000,0.0,missed_init_or_timeout
2025-09-06T03:35:42.966691+00:00,2,28.000,51.000,0.0,missed_init_or_timeout
2025-09-06T03:35:43.016374+00:00,2,25.000,46.000,0.0,missed_init_or_timeout
2025-09-06T03:35:43.066561+00:00,1,5.000,5.000,0.0,missed_init_or_timeout
2025-09-06T03:35:43.116463+00:00,2,25.000,46.000,0.0,missed_init_or_timeout
2025-09-06T03:35:43.167231+00:00,2,27.500,50.000,0.0,missed_init_or_timeout
2025-09-06T03:35:43.217620+00:00,2,25.500,46.000,0.0,missed_init_or_timeout
2025-09-06T03:35:43.265532+00:00,1,4.000,4.000,0.0,missed_init_or_timeout
2025-09-06T03:35:43.316640+00:00,2,24.500,45.000,0.0,missed_init_or_timeout
2025-09-06T03:35:43.366950+00:00,2,27.000,50.000,0.0,missed_init_or_timeout
2025-09-06T03:35:43.419084+00:00,2,26.000,47.000,0.0,missed_init_or_timeout
2025-09-06T03:35:43.467644+00:00,1,5.000,5.000,0.0,missed_init_or_timeout
2025-09-06T03:35:43.516935+00:00,2,25.000,46.000,0.0,missed_init_or_timeout
2025-09-06T03:35:43.568124+00:00,2,27.000,50.000,0.0,missed_init_or_timeout
2025-09-06T05:18:16.185161+00:00,1,49.000,49.000,0.0,missed_init_or_timeout
2025-09-06T05:18:16.233321+00:00,2,50.000,50.000,0.0,missed_init_or_timeout
2025-09-06T05:18:16.283875+00:00,1,51.000,51.000,0.0,missed_init_or_timeout
2025-09-06T05:18:16.334971+00:00,3,49.000,49.000,0.0,missed_init_or_timeout
2025-09-06T05:18:16.383983+00:00,1,51.000,51.000,0.0,missed_init_or_timeout
2025-09-06T05:18:16.434867+00:00,2,50.000,50.000,0.0,missed_init_or_timeout
2025-09-06T05:18:16.484447+00:00,1,50.000,50.000,0.0,missed_init_or_timeout
2025-09-06T05:18:16.536458+00:00,3,50.000,50.000,0.0,missed_init_or_timeout
2025-09-06T05:18:16.588093+00:00,1,49.000,49.000,0.0,missed_init_or_timeout
2025-09-06T05:18:16.634348+00:00,2,51.000,51.000,0.0,missed_init_or_timeout
2025-09-06T05:18:16.684463+00:00,1,50.000,50.000,0.0,missed_init_or_timeout
2025-09-06T05:18:16.737044+00:00,3,50.000,50.000,0.0,missed_init_or_timeout
2025-09-06T05:18:16.785743+00:00,1,50.000,50.000,0.0,missed_init_or_timeout
2025-09-06T05:18:16.835748+00:00,2,50.000,50.000,0.0,missed_init_or_timeout
2025-09-06T05:18:16.883681+00:00,1,50.000,50.000,0.0,missed_init_or_timeout
2025-09-06T05:18:16.935220+00:00,3,49.000,49.000,0.0,missed_init_or_timeout
2025-09-06T05:18:16.984786+00:00,1,51.000,51.000,0.0,missed_init_or_timeout
2025-09-06T05:18:17.033931+00:00,2,49.000,49.000,0.0,missed_init_or_timeout
2025-09-06T05:18:17.084207+00:00,1,51.000,51.000,0.0,missed_init_or_timeout
2025-09-06T05:18:17.135158+00:00,3,50.000,50.000,0.0,missed_init_or_timeout
2025-09-06T05:18:17.184388+00:00,1,50.000,50.000,0.0,missed_init_or_timeout
2025-09-06T05:18:17.234515+00:00,2,49.000,49.000,0.0,missed_init_or_timeout
2025-09-06T05:18:17.283315+00:00,1,50.000,50.000,0.0,missed_init_or_timeout
2025-09-06T05:18:17.335058+00:00,3,51.000,51.000,0.0,missed_init_or_timeout
2025-09-06T05:18:17.383405+00:00,1,50.000,50.000,0.0,missed_init_or_timeout
2025-09-06T05:18:17.435954+00:00,2,50.000,50.000,0.0,missed_init_or_timeout
2025-09-06T05:18:17.483924+00:00,1,49.000,49.000,0.0,missed_init_or_timeout
2025-09-06T05:18:17.535111+00:00,3,51.000,51.000,0.0,missed_init_or_timeout
2025-09-06T05:18:17.584028+00:00,1,50.000,50.000,0.0,missed_init_or_timeout
2025-09-06T05:18:17.634358+00:00,2,50.000,50.000,0.0,missed_init_or_timeout
2025-09-06T05:18:17.683837+00:00,1,49.000,49.000,0.0,missed_init_or_timeout
2025-09-06T05:18:17.734551+00:00,3,50.000,50.000,0.0,missed_init_or_timeout
2025-09-06T05:18:17.783983+00:00,1,49.000,49.000,0.0,missed_init_or_timeout
2025-09-06T05:18:17.833992+00:00,2,51.000,51.000,0.0,missed_init_or_timeout
2025-09-06T05:18:17.884428+00:00,1,50.000,50.000,0.0,missed_init_or_timeout
2025-09-06T05:18:17.937018+00:00,3,50.000,50.000,0.0,missed_init_or_timeout
2025-09-06T05:18:17.983918+00:00,1,50.000,50.000,0.0,missed_init_or_timeout
2025-09-06T05:18:18.035780+00:00,2,50.000,50.000,0.0,missed_init_or_timeout
2025-09-06T05:18:18.085011+00:00,1,50.000,50.000,0.0,missed_init_or_timeout
2025-09-06T05:18:18.134564+00:00,3,47.000,47.000,0.0,missed_init_or_timeout
2025-09-06T05:18:18.182823+00:00,1,48.000,48.000,0.0,missed_init_or_timeout
2025-09-06T05:18:18.235659+00:00,2,51.000,51.000,0.0,missed_init_or_timeout
2025-09-06T05:18:18.284382+00:00,1,49.000,49.000,0.0,missed_init_or_timeout
2025-09-06T05:18:18.337695+00:00,3,50.333,51.000,0.0,missed_init_or_timeout
2025-09-06T05:18:18.385728+00:00,1,50.000,50.000,0.0,missed_init_or_timeout
2025-09-06T05:18:18.435284+00:00,2,49.000,49.000,0.0,missed_init_or_timeout
2025-09-06T05:18:18.488338+00:00,1,55.000,55.000,0.0,missed_init_or_timeout
2025-09-06T05:18:18.535219+00:00,3,45.000,45.000,0.0,missed_init_or_timeout
2025-09-06T05:18:18.583718+00:00,1,44.000,44.000,0.0,missed_init_or_timeout
2025-09-06T05:18:18.634639+00:00,2,43.000,43.000,0.0,missed_init_or_timeout
2025-09-06T05:18:18.684532+00:00,1,43.000,43.000,0.0,missed_init_or_timeout
2025-09-06T05:18:18.736630+00:00,3,43.333,44.000,0.0,missed_init_or_timeout
2025-09-06T05:18:18.783787+00:00,1,44.000,44.000,0.0,missed_init_or_timeout
2025-09-06T05:18:18.835261+00:00,2,45.000,45.000,0.0,missed_init_or_timeout
2025-09-06T05:18:18.885665+00:00,1,44.000,44.000,0.0,missed_init_or_timeout
2025-09-06T05:18:18.935193+00:00,3,42.000,42.000,0.0,missed_init_or_timeout
2025-09-06T05:18:18.983449+00:00,1,44.000,44.000,0.0,missed_init_or_timeout
2025-09-06T05:18:19.034587+00:00,2,43.000,43.000,0.0,missed_init_or_timeout
2025-09-06T05:18:19.056086+00:00,1,43.000,43.000,0.0,ok
2025-09-06T05:18:19.103009+00:00,3,44.000,44.000,0.0,ok
2025-09-06T05:18:19.152391+00:00,1,44.000,44.000,0.0,ok
2025-09-06T05:18:19.202615+00:00,2,44.000,44.000,0.0,ok
2025-09-06T05:18:19.252248+00:00,1,44.000,44.000,0.0,ok
2025-09-06T05:18:19.302703+00:00,3,43.333,44.000,0.0,ok
2025-09-06T05:18:19.351630+00:00,1,43.000,43.000,0.0,ok
2025-09-06T05:18:19.402108+00:00,2,43.000,43.000,0.0,ok
2025-09-06T05:18:19.452247+00:00,1,44.000,44.000,0.0,ok
2025-09-06T05:18:19.502528+00:00,3,43.333,44.000,0.0,ok
2025-09-06T05:18:19.552369+00:00,1,44.000,44.000,0.0,ok
2025-09-06T05:18:19.601869+00:00,2,43.000,43.000,0.0,ok
2025-09-06T05:18:19.652116+00:00,1,44.000,44.000,0.0,ok
2025-09-06T05:18:19.704397+00:00,3,45.000,45.000,0.0,ok
2025-09-06T05:18:19.752185+00:00,1,44.000,44.000,0.0,ok
2025-09-06T05:18:19.803105+00:00,2,43.000,43.000,0.0,ok
2025-09-06T05:18:19.852456+00:00,1,44.000,44.000,0.0,ok
2025-09-06T05:18:19.904059+00:00,3,43.000,43.000,0.0,ok
2025-09-06T05:18:19.952987+00:00,1,45.000,45.000,0.0,ok
2025-09-06T05:18:20.003726+00:00,2,42.500,43.000,0.0,ok
2025-09-06T05:18:20.051786+00:00,1,43.000,43.000,0.0,ok
2025-09-06T05:18:20.102693+00:00,3,43.000,43.000,0.0,ok
2025-09-06T05:18:20.151392+00:00,1,43.000,43.000,0.0,ok
2025-09-06T05:18:20.201835+00:00,2,43.000,43.000,0.0,ok
2025-09-06T05:18:20.252431+00:00,1,45.000,45.000,0.0,ok
2025-09-06T05:18:20.303257+00:00,3,43.333,44.000,0.0,ok
2025-09-06T05:18:20.352160+00:00,1,45.000,45.000,0.0,ok
2025-09-06T05:18:20.403221+00:00,2,44.000,44.000,0.0,ok
2025-09-06T05:18:20.452576+00:00,1,44.000,44.000,0.0,ok
2025-09-06T05:18:20.504388+00:00,3,43.000,43.000,0.0,ok
2025-09-06T05:18:20.552501+00:00,1,44.000,44.000,0.0,ok
2025-09-06T05:18:20.634751+00:00,2,43.500,44.000,0.0,missed_init_or_timeout
2025-09-06T05:18:20.684219+00:00,1,43.000,43.000,0.0,missed_init_or_timeout
2025-09-06T05:18:20.736092+00:00,3,45.000,45.000,0.0,missed_init_or_timeout
2025-09-06T05:18:20.784719+00:00,1,44.000,44.000,0.0,missed_init_or_timeout
2025-09-06T05:18:20.835231+00:00,2,43.000,43.000,0.0,missed_init_or_timeout
2025-09-06T05:18:20.884017+00:00,1,44.000,44.000,0.0,missed_init_or_timeout
2025-09-06T05:18:20.942140+00:00,3,44.000,44.000,0.0,missed_init_or_timeout
2025-09-06T05:18:20.984452+00:00,1,44.000,44.000,0.0,missed_init_or_timeout
2025-09-06T05:18:21.033363+00:00,2,44.000,44.000,0.0,missed_init_or_timeout
2025-09-06T05:18:21.083788+00:00,1,43.000,43.000,0.0,missed_init_or_timeout
2025-09-06T05:18:21.135657+00:00,3,43.000,43.000,0.0,missed_init_or_timeout
2025-09-06T05:18:21.183169+00:00,1,44.000,44.000,0.0,missed_init_or_timeout
2025-09-06T05:18:21.236313+00:00,2,44.000,44.000,0.0,missed_init_or_timeout
2025-09-06T05:18:21.284307+00:00,1,43.000,43.000,0.0,missed_init_or_timeout
2025-09-06T05:18:21.336881+00:00,3,43.333,44.000,0.0,missed_init_or_timeout
2025-09-06T05:18:21.384480+00:00,1,44.000,44.000,0.0,missed_init_or_timeout
2025-09-06T05:18:21.435144+00:00,2,43.000,43.000,0.0,missed_init_or_timeout
2025-09-06T05:18:21.483199+00:00,1,45.000,45.000,0.0,missed_init_or_timeout
2025-09-06T05:18:21.535075+00:00,3,45.000,45.000,0.0,missed_init_or_timeout
2025-09-06T05:18:21.584017+00:00,1,43.000,43.000,0.0,missed_init_or_timeout
2025-09-06T05:18:21.635818+00:00,2,45.000,45.000,0.0,missed_init_or_timeout
2025-09-06T05:18:21.684074+00:00,1,45.000,45.000,0.0,missed_init_or_timeout
2025-09-06T05:18:21.736872+00:00,3,43.000,43.000,0.0,missed_init_or_timeout
2025-09-06T05:18:21.784598+00:00,1,45.000,45.000,0.0,missed_init_or_timeout
2025-09-06T05:18:21.834264+00:00,2,43.500,44.000,0.0,missed_init_or_timeout
2025-09-06T05:18:21.884313+00:00,1,43.000,43.000,0.0,missed_init_or_timeout
2025-09-06T05:18:21.935809+00:00,3,44.000,44.000,0.0,missed_init_or_timeout
2025-09-06T05:18:21.984583+00:00,1,45.000,45.000,0.0,missed_init_or_timeout
2025-09-06T05:18:22.035641+00:00,2,44.000,44.000,0.0,missed_init_or_timeout
2025-09-06T05:18:22.082066+00:00,1,43.000,43.000,0.0,missed_init_or_timeout
2025-09-06T05:18:22.140870+00:00,3,44.333,45.000,0.0,missed_init_or_timeout
2025-09-06T05:18:22.183251+00:00,1,44.000,44.000,0.0,missed_init_or_timeout
2025-09-06T05:18:22.234554+00:00,2,43.000,43.000,0.0,missed_init_or_timeout
2025-09-06T05:18:22.284140+00:00,1,43.000,43.000,0.0,missed_init_or_timeout
2025-09-06T05:18:22.335271+00:00,3,45.000,45.000,0.0,missed_init_or_timeout
2025-09-06T05:18:22.384362+00:00,1,43.000,43.000,0.0,missed_init_or_timeout
2025-09-06T05:18:22.434489+00:00,2,44.000,44.000,0.0,missed_init_or_timeout
2025-09-06T05:18:22.483891+00:00,1,43.000,43.000,0.0,missed_init_or_timeout
2025-09-06T05:18:22.536194+00:00,3,44.667,45.000,0.0,missed_init_or_timeout
2025-09-06T05:18:22.582876+00:00,1,42.000,42.000,0.0,missed_init_or_timeout
2025-09-06T05:18:22.633816+00:00,2,44.500,45.000,0.0,missed_init_or_timeout
2025-09-06T05:18:22.684083+00:00,1,43.000,43.000,0.0,missed_init_or_timeout
2025-09-06T05:18:22.736374+00:00,3,43.000,43.000,0.0,missed_init_or_timeout
2025-09-06T05:18:22.784254+00:00,1,43.000,43.000,0.0,missed_init_or_timeout
2025-09-06T05:18:22.834879+00:00,2,43.000,43.000,0.0,missed_init_or_timeout
2025-09-06T05:18:22.884579+00:00,1,45.000,45.000,0.0,missed_init_or_timeout
2025-09-06T05:18:22.935467+00:00,3,43.000,43.000,0.0,missed_init_or_timeout
2025-09-06T05:18:22.983731+00:00,1,43.000,43.000,0.0,missed_init_or_timeout
2025-09-06T05:18:23.034959+00:00,2,43.500,44.000,0.0,missed_init_or_timeout
2025-09-06T05:18:23.084059+00:00,1,45.000,45.000,0.0,missed_init_or_timeout
2025-09-06T05:18:23.137052+00:00,3,44.000,44.000,0.0,missed_init_or_timeout
2025-09-06T05:18:23.183150+00:00,1,42.000,42.000,0.0,missed_init_or_timeout
2025-09-06T05:18:23.235678+00:00,2,43.000,43.000,0.0,missed_init_or_timeout
2025-09-06T05:18:23.283140+00:00,1,44.000,44.000,0.0,missed_init_or_timeout
2025-09-06T05:18:23.335826+00:00,3,43.667,44.000,0.0,missed_init_or_timeout
2025-09-06T05:18:23.384044+00:00,1,43.000,43.000,0.0,missed_init_or_timeout
2025-09-06T05:18:23.434626+00:00,2,43.500,44.000,0.0,missed_init_or_timeout
2025-09-06T05:18:23.484324+00:00,1,44.000,44.000,0.0,missed_init_or_timeout
2025-09-06T05:18:23.536069+00:00,3,43.333,44.000,0.0,missed_init_or_timeout
2025-09-06T05:18:23.573006+00:00,1,45.000,45.000,0.0,ok
2025-09-06T05:18:23.603491+00:00,2,44.000,44.000,0.0,ok
2025-09-06T05:18:23.651925+00:00,1,43.000,43.000,0.0,ok
2025-09-06T05:18:23.702637+00:00,3,44.000,44.000,0.0,ok
2025-09-06T05:18:23.752689+00:00,1,44.000,44.000,0.0,ok
2025-09-06T05:18:23.803594+00:00,2,44.000,44.000,0.0,ok
2025-09-06T05:18:23.852223+00:00,1,43.000,43.000,0.0,ok
2025-09-06T05:18:23.903728+00:00,3,43.333,44.000,0.0,ok
2025-09-06T05:18:23.952488+00:00,1,43.000,43.000,0.0,ok
2025-09-06T05:18:24.003600+00:00,2,44.000,44.000,0.0,ok
2025-09-06T05:18:24.052497+00:00,1,43.000,43.000,0.0,ok
2025-09-06T05:18:24.103347+00:00,3,42.333,43.000,0.0,ok
2025-09-06T05:18:24.152389+00:00,1,43.000,43.000,0.0,ok
2025-09-06T05:18:24.203282+00:00,2,43.000,43.000,0.0,ok
2025-09-06T05:18:24.253083+00:00,1,45.000,45.000,0.0,ok
2025-09-06T05:18:24.304412+00:00,3,43.667,44.000,0.0,ok
2025-09-06T05:18:24.353068+00:00,1,45.000,45.000,0.0,ok
2025-09-06T05:18:24.403018+00:00,2,43.500,44.000,0.0,ok
2025-09-06T05:18:24.452825+00:00,1,44.000,44.000,0.0,ok
2025-09-06T05:18:24.504254+00:00,3,43.333,44.000,0.0,ok
2025-09-06T05:18:24.551419+00:00,1,43.000,43.000,0.0,ok
2025-09-06T05:18:24.603394+00:00,2,43.000,43.000,0.0,ok
2025-09-06T05:18:24.652746+00:00,1,43.000,43.000,0.0,ok
2025-09-06T05:18:24.703840+00:00,3,43.667,44.000,0.0,ok
2025-09-06T05:18:24.752291+00:00,1,44.000,44.000,0.0,ok
2025-09-06T05:18:24.803004+00:00,2,43.000,43.000,0.0,ok
2025-09-06T05:18:24.852878+00:00,1,45.000,45.000,0.0,ok
2025-09-06T05:18:24.903763+00:00,3,43.000,43.000,0.0,ok
2025-09-06T05:18:24.952786+00:00,1,43.000,43.000,0.0,ok
2025-09-06T05:18:25.002552+00:00,2,42.500,43.000,0.0,ok
2025-09-06T05:18:25.051430+00:00,1,44.000,44.000,0.0,ok
2025-09-06T05:18:25.134377+00:00,3,43.000,43.000,0.0,missed_init_or_timeout
2025-09-06T05:18:25.183601+00:00,1,44.000,44.000,0.0,missed_init_or_timeout
2025-09-06T05:18:25.233843+00:00,2,44.000,44.000,0.0,missed_init_or_timeout
2025-09-06T05:18:25.283988+00:00,1,43.000,43.000,0.0,missed_init_or_timeout
2025-09-06T05:18:25.335985+00:00,3,44.333,45.000,0.0,missed_init_or_timeout
2025-09-06T05:18:25.382467+00:00,1,45.000,45.000,0.0,missed_init_or_timeout
2025-09-06T05:18:25.434521+00:00,2,43.000,43.000,0.0,missed_init_or_timeout
2025-09-06T05:18:25.483854+00:00,1,44.000,44.000,0.0,missed_init_or_timeout
2025-09-06T05:18:25.535965+00:00,3,45.000,45.000,0.0,missed_init_or_timeout
2025-09-06T05:18:25.584625+00:00,1,44.000,44.000,0.0,missed_init_or_timeout
2025-09-06T05:18:25.634225+00:00,2,43.000,43.000,0.0,missed_init_or_timeout
2025-09-06T05:18:25.684268+00:00,1,43.000,43.000,0.0,missed_init_or_timeout
2025-09-06T05:18:25.736243+00:00,3,44.000,44.000,0.0,missed_init_or_timeout
2025-09-06T05:18:25.784885+00:00,1,44.000,44.000,0.0,missed_init_or_timeout
2025-09-06T05:18:25.835767+00:00,2,44.500,45.000,0.0,missed_init_or_timeout
2025-09-06T05:18:25.884585+00:00,1,45.000,45.000,0.0,missed_init_or_timeout
2025-09-06T05:18:25.934119+00:00,3,41.667,43.000,0.0,missed_init_or_timeout
2025-09-06T05:18:25.983650+00:00,1,44.000,44.000,0.0,missed_init_or_timeout
2025-09-06T05:18:26.035008+00:00,2,44.000,44.000,0.0,missed_init_or_timeout
2025-09-06T05:18:26.084963+00:00,1,44.000,44.000,0.0,missed_init_or_timeout
2025-09-06T05:18:26.136127+00:00,3,43.000,43.000,0.0,missed_init_or_timeout
2025-09-06T05:18:26.183683+00:00,1,43.000,43.000,0.0,missed_init_or_timeout
2025-09-06T05:18:26.235944+00:00,2,43.000,43.000,0.0,missed_init_or_timeout
2025-09-06T05:18:26.284648+00:00,1,44.000,44.000,0.0,missed_init_or_timeout
2025-09-06T05:18:26.336206+00:00,3,43.333,44.000,0.0,missed_init_or_timeout
2025-09-06T05:18:26.384787+00:00,1,43.000,43.000,0.0,missed_init_or_timeout
2025-09-06T05:18:26.436258+00:00,2,44.000,44.000,0.0,missed_init_or_timeout
2025-09-06T05:18:26.483203+00:00,1,43.000,43.000,0.0,missed_init_or_timeout
2025-09-06T05:18:26.535201+00:00,3,44.000,44.000,0.0,missed_init_or_timeout
2025-09-06T05:18:26.584207+00:00,1,43.000,43.000,0.0,missed_init_or_timeout
2025-09-06T05:18:26.634055+00:00,2,44.000,44.000,0.0,missed_init_or_timeout
2025-09-06T05:18:26.684553+00:00,1,43.000,43.000,0.0,missed_init_or_timeout
2025-09-06T05:18:26.746969+00:00,3,44.000,44.000,0.0,missed_init_or_timeout
2025-09-06T05:18:26.782846+00:00,1,43.000,43.000,0.0,missed_init_or_timeout
2025-09-06T05:18:26.834170+00:00,2,43.500,44.000,0.0,missed_init_or_timeout
2025-09-06T05:18:26.884037+00:00,1,43.000,43.000,0.0,missed_init_or_timeout
2025-09-06T05:18:26.936281+00:00,3,44.000,44.000,0.0,missed_init_or_timeout
2025-09-06T05:18:26.983579+00:00,1,43.000,43.000,0.0,missed_init_or_timeout
2025-09-06T05:18:27.034905+00:00,2,44.000,44.000,0.0,missed_init_or_timeout
2025-09-06T05:18:27.082586+00:00,1,42.000,42.000,0.0,missed_init_or_timeout
2025-09-06T05:18:27.135171+00:00,3,44.000,44.000,0.0,missed_init_or_timeout
2025-09-06T05:18:27.184655+00:00,1,43.000,43.000,0.0,missed_init_or_timeout
2025-09-06T05:18:27.234992+00:00,2,44.000,44.000,0.0,missed_init_or_timeout
2025-09-06T05:18:27.284609+00:00,1,43.000,43.000,0.0,missed_init_or_timeout
2025-09-06T05:18:27.335801+00:00,3,44.000,44.000,0.0,missed_init_or_timeout
2025-09-06T05:18:27.384500+00:00,1,43.000,43.000,0.0,missed_init_or_timeout
2025-09-06T05:18:27.434467+00:00,2,44.000,44.000,0.0,missed_init_or_timeout
2025-09-06T05:18:27.484264+00:00,1,44.000,44.000,0.0,missed_init_or_timeout
2025-09-06T05:18:27.536092+00:00,3,43.333,44.000,0.0,missed_init_or_timeout
